coverage_id,policy_id,coverage_name,payment_reason,payment_amount
1,1,만기보험금,피보험자가 보험기간이 끝날 때까지 살아있을 경우,이미 납입한 주계약 보험료
2,1,암진단자금,"보험기간 중 피보험자가 암보장개시일 이후에 ‘암(기타피부암, 갑상선암, 대장점막내암 제외)’으로 진단이 확정되었을 경우(최초 1회한)","1년미만 500만원, 1년이상 1,000만원"
3,1,암진단자금,보험기간 중 피보험자가 ‘기타피부암’으로 진단이 확정되었을 경우(최초 1회한),"1년미만 100만원, 1년이상 200만원"
4,1,암진단자금,보험기간 중 피보험자가 암보장개시일 이후에 ‘초기 이외의 갑상선암’으로 진단이 확정되었을 경우(최초 1회한),"1년미만 400만원, 1년이상 800만원"
5,1,암진단자금,보험기간 중 피보험자가 암보장개시일 이후에 ‘갑상선암’으로 진단이 확정되었을 경우(최초 1회한),"1년미만 100만원, 1년이상 200만원"
6,1,암진단자금,보험기간 중 피보험자가 ‘대장점막내암’으로 진단이 확정되었을 경우(최초 1회한),"1년미만 100만원, 1년이상 200만원"
7,1,암진단자금,보험기간 중 피보험자가 ‘제자리암’으로 진단이 확정되었을 경우(최초 1회한),"1년미만 100만원, 1년이상 200만원"
8,1,암진단자금,보험기간 중 피보험자가 ‘경계성종양’으로 진단이 확정되었을 경우(최초 1회한),"1년미만 100만원, 1년이상 200만원"
9,1,암직접치료입원급여금,"보험기간 중 피보험자가 암보장개시일 이후에 ‘암(기타피부암, 대장점막내암 제외)’으로 진단이 확정되고, 보험기간 중 그 ‘암(기타피부암, 대장점막내암 제외)’의 직접적인 치료를 목적으로 1일 이상 입원하였을 경우",1일당 5만원(1회 입원당 지급일수 120일 한도)
10,1,암직접치료입원급여금,"보험기간 중 피보험자가 기타피부암, 대장점막내암, 제자리암 또는 경계성종양으로 진단이 확정되고, 보험기간 중 그 기타피부암, 대장점막내암, 제자리암 또는 경계성종양의 직접적인 치료를 목적으로 1일 이상 입원하였을 경우",1일당 2만원(1회 입원당 지급일수 120일 한도)
11,1,암직접치료통원자금,"보험기간 중 피보험자가 암보장개시일 이후에 ‘암(기타피부암, 대장점막내암 제외)’으로 진단이 확정되고, 보험기간 중 그 ‘암(기타피부암, 대장점막내암 제외)’의 직접적인 치료를 목적으로 병원 또는 의원(한방병원 또는 한의원을 포함)에서 통원치료를 받았을 경우(1일 1회한, 연간 30회한)",1회당 3만원
12,1,암직접치료통원자금,"보험기간 중 피보험자가 기타피부암, 대장점막내암, 제자리암 또는 경계성종양으로 진단이 확정되고, 보험기간 중 그 기타피부암, 대장점막내암, 제자리암 또는 경계성종양의 직접적인 치료를 목적으로 병원 또는 의원(한방병원 또는 한의원을 포함)에서 통원치료를 받았을 경우(1일 1회한, 연간 30회한)",1회당 1만5천원
13,1,장애인전용 곰두리암사망특약 무배당,"보험기간 중 피보험자가 암보장개시일 이후에 ‘암(기타피부암, 대장점막내암 제외)’ 또는 보장개시일 이후에 ‘기타피부암’, ‘대장점막내암’으로 진단이 확정되고, 보험기간 중 그 ‘암(기타피부암, 대장점막내암 제외)’, ‘기타피부암’ 또는 ‘대장점막내암’을 직접적인 원인으로 사망한 경우","1,000만원"
14,1,첫날부터 요양병원암입원특약Ⅱ(갱신형) 무배당(20년만기),"보험기간 중 피보험자가 암보장개시일 이후에 암(기타피부암, 대장점막내암 제외)으로 진단이 확정되고, 그 암(기타피부암, 대장점막내암 제외)의 치료를 목적으로 1일 이상 요양병원에 입원하였을 경우(1회 입원당 지급일수 60일 한도, 누적 지급일수 365일 한도) ※ 이외 보장담보는 상품요약서 참조",요양병원 입원 1일당 1만원 ※ 이외 보장담보는 상품요약서 참조
15,2,암사망보험금,"보험기간 중 피보험자가 암보장개시일 이후에 ‘암(기타피부암 및 대장점막내암 제외)’ 또는 보장개시일 이후에 ‘기타피부암’, ‘대장점막내암’으로 진단이 확정되고, 보험기간 중 그 ‘암(기타피부암 및 대장점막내암 제외)’, ‘기타피부암’ 또는 ‘대장점막내암’을 직접적인 원인으로 사망한 경우",250만원
16,2,사망보험금,보험기간 중 피보험자가 사망한 경우,250만원
17,2,암주요치료보장N특약[암(기타피부암·갑상선암 제외)](연1회) 무배당,"보험기간 중 피보험자가 암보장개시일 이후에 ‘암(기타피부암 및 갑상선암 제외)’으로 최초 진단이 확정되고, 최초 진단확정일로부터 이후 매년 진단확정일의 전일까지 ‘암(기타피부암 및 갑상선암 제외)’으로 ‘암 주요치료’(‘암 수술’, ‘항암약물치료’, ‘항암방사선치료’) 중 어느 하나의 치료를 받은 경우 (매년,(매회), 최초 진단확정일로부터 최대 10년간, 매년 1회를 한도로 지급(최대 10회 지급)) ※ 이외 보장담보는 상품요약서 참조","1,000만원 *1년미만 50% 지급"
18,2,암주요치료보장N특약[기타피부암·갑상선암](연1회) 무배당,"보험기간 중 피보험자가 암보장개시일 이후에 ‘기타피부암’ 또는 ‘갑상선암’으로 최초 진단이 확정되고, 최초 진단확정일로부터 이후 매년 진단확정일의 전일까지 ‘기타피부암’ 또는 ‘갑상선암’으로 ‘암 주요치료’(‘암 수술’, ‘항암약물치료’, ‘항암방사선치료’) 중 어느 하나의 치료를 받은 경우 (매년(매회), 최초 진단확정일로부터 최대 10년간, 매년 1회를 한도로 지급(최대 10회 지급)) ※ 이외 보장담보는 상품요약서 참조",200만원 *1년미만 50% 지급
19,2,첫날부터 요양병원암입원N특약 무배당,"보험기간 중 피보험자가 암보장개시일 이후에 암(기타피부암, 대장점막내암 제외)으로 진단이 확정되고, 그 암(기타피부암, 대장점막내암 제외)의 치료를 목적으로 1일 이상 요양병원에 입원하였을 경우(1일당, 1회 입원당 지급일수 60일 한도, 누적 지급일수 365일 한도) ※ 이외 보장담보는 상품요약서 참조",2만원 *1년미만 50% 지급
20,2,첫날부터 암직접치료입원N특약(요양병원제외) 무배당,"보험기간 중 피보험자가 암보장개시일 이후에 ‘암(기타피부암, 대장점막내암 제외)’으로 진단이 확정되고, 그 ‘암(기타피부암, 대장점막내암 제외)’의 직접적인 치료를 목적으로 1일 이상 입원하였을 경우(1일당, 1회 입원당 지급일수 120일 한도) ※ 이외 보장담보는 상품요약서 참조",2만원 *1년미만 50% 지급
21,3,특정 고액치료비관련 암진단자금,"보험기간 중 피보험자가 암보장개시일 이후에 ‘특정 고액치료비관련암’으로 진단이 확정되었을 경우(최초 1회한, 2년미만 50%지급)","2년미만 1,500만원, 2년이상 3,000만원"
22,3,암진단자금,"보험기간 중 피보험자가 암보장개시일 이후에 ‘암(직ㆍ결장암, 유방암, 여성생식기암, 전립선암, 기타피부암, 갑상선암, 대장점막내암 제외)’으로 진단이 확정되었을 경우(최초 1회한, 2년미만 50%지급)","2년미만 1,500만원, 2년이상 3,000만원"
23,3,중증 갑상선암 진단자금,"보험기간 중 피보험자가 암보장개시일 이후에 ‘중증 갑상선암’으로 진단이 확정되었을 경우(최초 1회한, 2년미만 50%지급)","2년미만 1,200만원, 2년이상 2,400만원"
24,3,특정 소액암 진단자금,"보험기간 중 피보험자가 암보장개시일 이후에 ‘특정 소액암’으로 진단이 확정되었을 경우(최초 1회한, 2년미만 50%지급)","2년미만 900만원, 2년이상 1,800만원"
25,3,소액질병 진단자금,"보험기간 중 피보험자가 보장개시일 이후에 ‘기타피부암’으로 진단이 확정되었을 경우(최초 1회한, 2년미만 50%지급)","2년미만 300만원, 2년이상 600만원"
26,3,소액질병 진단자금,"보험기간 중 피보험자가 암보장개시일 이후에 ‘갑상선암’으로 진단이 확정되었을 경우(최초 1회한, 2년미만 50%지급)","2년미만 300만원, 2년이상 600만원"
27,3,소액질병 진단자금,"보험기간 중 피보험자가 보장개시일 이후에 ‘대장점막내암’으로 진단이 확정되었을 경우(최초 1회한, 2년미만 50%지급)","2년미만 300만원, 2년이상 600만원"
28,3,소액질병 진단자금,"보험기간 중 피보험자가 보장개시일 이후에 ‘제자리암’으로 진단이 확정되었을 경우(최초 1회한, 2년미만 50%지급)","2년미만 300만원, 2년이상 600만원"
29,3,소액질병 진단자금,"보험기간 중 피보험자가 보장개시일 이후에 ‘경계성종양’으로 진단이 확정되었을 경우(최초 1회한, 2년미만 50%지급)","2년미만 300만원, 2년이상 600만원"
30,4,암사망보험금,"보험기간 중 피보험자가 암보장개시일 이후에 ‘암(기타피부암 및 대장점막내암 제외)’ 또는 보장개시일 이후에 ‘기타피부암’ 또는 ‘대장점막내암’으로 진단이 확정되고, 보험기간 중 그 ‘암(기타피부암 및 대장점막내암 제외)’, ‘기타피부암’ 또는 ‘대장점막내암’을 직접적인 원인으로 사망한 경우",250만원
31,4,사망보험금,보험기간 중 피보험자가 사망한 경우,250만원
32,4,암주요치료보장N특약[암(기타피부암·갑상선암 제외)](연1회) 무배당,"보험기간 중 피보험자가 암보장개시일 이후에 ‘암(기타피부암 및 갑상선암 제외)’으로 최초 진단이 확정되고, 최초 진단확정일로부터 이후 매년 진단확정일의 전일까지 ‘암(기타피부암 및 갑상선암 제외)’으로 ‘암 주요치료’(‘암 수술’, ‘항암약물치료’, ‘항암방사선치료’) 중 어느 하나의 치료를 받은 경우 (매년(매회), 최초 진단확정일로부터 최대 10년간, 매년 1회를 한도로 지급(최대 10회 지급)) ※ 이외 보장담보는 상품요약서 참조","1,000만원"
33,4,암주요치료보장N특약[기타피부암·갑상선암](연1회) 무배당,"보험기간 중 피보험자가 암보장개시일 이후에 ‘기타피부암’ 또는 ‘갑상선암’으로 최초 진단이 확정되고, 최초 진단확정일로부터 이후 매년 진단확정일의 전일까지 ‘기타피부암’ 또는 ‘갑상선암’으로 ‘암 주요치료’(‘암 수술’, ‘항암약물치료’, ‘항암방사선치료’) 중 어느 하나의 치료를 받은 경우 (매년(매해), 최초 진단확정일로부터 최대 10년간, 매년 1회를 한도로 지급(최대 10회 지급)) ※ 이외 보장담보는 상품요약서 참조",200만원
34,4,첫날부터 요양병원암입원N특약 무배당,"보험기간 중 피보험자가 암보장개시일 이후에 암(기타피부암, 대장점막내암 제외)으로 진단이 확정되고, 그 암(기타피부암, 대장점막내암 제외)의 치료를 목적으로 1일 이상 요양병원에 입원하였을 경우(1일당, 1회 입원당 지급일수 60일 한도, 누적 지급일수 365일 한도) ※ 이외 보장담보는 상품요약서 참조",2만원
35,4,첫날부터 암직접치료입원N특약(요양병원제외) 무배당,"보험기간 중 피보험자가 암보장개시일 이후에 ‘암(기타피부암, 대장점막내암 제외)’으로 진단이 확정되고, 그 ‘암(기타피부암, 대장점막내암 제외)’의 직접적인 치료를 목적으로 1일 이상 입원하였을 경우(1일당, 1회 입원당 지급일수 120일 한도) ※ 이외 보장담보는 상품요약서 참조",2만원
36,5,e암진단보장보험Ⅱ(비갱신형) 무배당,"암 진단자금_ 보험기간 중 암보장개시일 이후 피보험자가 '암(직ㆍ결장암, 유방암, 여성 생식기암, 전립선암, 기타피부암, 중증이외의 갑상선암, 대장점막내암 제외)'으로 진단이 확정되었을 경우 (최초 1회한, 2년 미만 50% 지급) ※ 이외 보장담보는 상품요약서 참조","2년미만 1,500만원, 2년이상 3,000만원"
37,5,"e통합암보장보험[전이포함, 일반암](비갱신형) 무배당","초기 이외의 유방ㆍ생식기암(전이포함)진단자금_보험기간 중 피보험자가 암보장개시일 이후에 ‘초기 이외의 유방·생식기암(전이포함)’으로 진단 확정되었을 경우(최초 1회한, 2년 미만 50% 지급) ※ 이외 보장담보는 상품요약서 참조","2년미만 500만원, 2년이상 1,000만원"
38,5,e암수술보장보험Ⅱ(비갱신형) 무배당,"보험기간 중 피보험자가 보장개시일(암(기타피부암, 대장점막내암 제외)은 암보장개시일) 이후에 암(기타피부암, 대장점막내암 제외), 기타피부 암, 대장점막내암, 제자리암 또는 경계성종양으로 진단이 확정되고, 보험기간 중 그 치료를 직접적인 목적으로 약관 '수술분류표'에서 정한 수술을 받았을 경우 ※ 대뇌내시경, 흉강경수술, 복강경수술 및 조혈모세포이식수술은 관혈수술에 준합니다.(1회당, 2년 미만 50% 지급)","2년미만 관혈수술 1회당 500만원, 비관혈수술 1회당 100만원 / 2년이상 관혈수술 1회당 1,000만원, 비관혈수술 1회당 200만원"
39,5,e항암 약물ㆍ방사선 치료보장보험Ⅱ(비갱신형) 무배당,"항암약물 치료자금Ⅰ_보험기간 중 피보험자가 암보장개시일 이후에 ‘암(기타피부암 및 갑상선암 제외)’으로 진단 확정되고 보험기간 중 그 직접적인 치료를 목적으로 ‘항암약물치료’를 받았을 경우(최초 1회한, 2년미만 50%지급)※ 이외 보장담보는 상품요약서 참조","2년미만 500만원, 2년이상 1,000만원"
40,5,e암직접치료통원보장보험Ⅱ(비갱신형) 무배당,"암통원자금_보험기간 중 피보험자가 암보장개시일 이후에 암(기타피부암, 대장점막내암 제외)으로 진단이 확정되고, 보험기간 중 그 암(기타피부암, 대장점막내암 제외)의 직접적인 치료를 목적으로 병원 또는 의원(한방병원 또는한의원을 포함)에서 통원치료를 받았을 경우(1회당, 1일 1회한, 연간 30회한, 2년미만 50% 지급)※ 이외 보장담보는 상품요약서 참조","2년미만 2.5만원, 2년이상 5만원"
41,6,암사망보험금,"보험기간 중 피보험자가 암보장개시일 이후에 ‘암(기타피부암, 대장점막내암 제외)’ 또는 보장개시일 이후에 ‘기타피부암’, ‘대장점막내암’으로 진단이 확정되고, 보험기간 중 그 ‘암(기타피부암, 대장점막내암 제외)’, ‘기타피부암’ 또는 ‘대장점막내암’을 직접적인 원인으로 사망한 경우",250만원
42,6,사망보험금,보험기간 중 피보험자가 사망한 경우,250만원
43,7,암사망보험금,"보험기간 중 피보험자가 암보장개시일 이후에 ‘암(기타피부암, 대장점막내암 제외)’ 또는 보장개시일 이후에 ‘기타피부암’, ‘대장점막내암’으로 진단이 확정되고, 보험기간 중 그 ‘암(기타피부암, 대장점막내암 제외)’, ‘기타피부암’ 또는 ‘대장점막내암’을 직접적인 원인으로 사망한 경우",250만원
44,7,사망보험금,보험기간 중 피보험자가 사망한 경우,250만원
45,7,"암보장S특약[일반암] 무배당(해약환급금 미지급형(납입기간중 0%, 납입기간후 50%))","보험기간 중 피보험자가 암보장개시일 이후에 ‘암(기타피부암, 대장점막내암, 초기유방암, 초기갑상선암 제외)’으로 진단이 확정되었을 경우 (최초 1회한, 1년미만 50% 지급)","1년미만 500만원, 1년이상 1,000만원"
46,7,"암주요치료보장S특약[암(기타피부암·갑상선암 제외)](연1회) 무배당(해약환급금 미지급형(납입기간중 0%, 납입기간후 50%))","보험기간 중 피보험자가 암보장개시일 이후에 ‘암(기타피부암 및 갑상선암 제외)’으로 최초 진단이 확정되고, 최초 진단확정일로부터 이후 매년 진단확정일의 전일까지 ‘암(기타피부암 및 갑상선암 제외)’으로 ‘암 주요치료’(‘암 수술’, ‘항암약물치료’, ‘항암방사선치료’) 중 어느 하나의 치료를 받은 경우 (매년(매회), 최초 진단확정일로부터 최대 10년간, 매년 1회를 한도로 지급(최대 10회 지급), 1년미만 50% 지급)","1년미만 1,000만원, 1년이상 2,000만원"
47,7,암보장S특약[일반암](갱신형) 무배당,"보험기간 중 피보험자가 암보장개시일 이후에 ‘암(기타피부암, 대장점막내암, 초기유방암, 초기갑상선암 제외)’으로 진단이 확정되었을 경우 (최초 1회한, 1년미만 50% 지급)","1년미만 500만원, 1년이상 1,000만원"
48,7,암주요치료보장S특약[암(기타피부암·갑상선암 제외)](연1회)(갱신형) 무배당,"보험기간 중 피보험자가 암보장개시일 이후에 ‘암(기타피부암 및 갑상선암 제외)’으로 최초 진단이 확정되고, 최초 진단확정일로부터 이후 매년 진단확정일의 전일까지 ‘암(기타피부암 및 갑상선암 제외)’으로 ‘암 주요치료’(‘암 수술’, ‘항암약물치료’, ‘항암방사선치료’) 중 어느 하나의 치료를 받은 경우 (매년(매회), 최초 진단확정일로부터 최대 10년간, 매년 1회를 한도로 지급(최대 10회 지급), 1년미만 50% 지급)","1년미만 1,000만원, 1년이상 2,000만원"
49,8,암사망보험금,"보험기간 중 피보험자가 암보장개시일 이후에 ‘암(기타피부암, 대장점막내암 제외)’ 또는 보장개시일 이후에 ‘기타피부암’, ‘대장점막내암’으로 진단이 확정되고, 보험기간 중 그 ‘암(기타피부암, 대장점막내암 제외)’, ‘기타피부암’ 또는 ‘대장점막내암’을 직접적인 원인으로 사망한 경우",250만원
50,8,사망보험금,보험기간 중 피보험자가 사망한 경우,250만원
51,8,"암보장S특약[일반암] 무배당(해약환급금 미지급형(납입기간중 0%, 납입기간후 50%))","보험기간 중 피보험자가 암보장개시일 이후에 ‘암(기타피부암, 대장점막내암, 초기유방암, 초기갑상선암 제외)’으로 진단이 확정되었을 경우 (최초 1회한)","1,000만원"
52,8,"암주요치료보장S특약[암(기타피부암·갑상선암 제외)](연1회) 무배당(해약환급금 미지급형(납입기간중 0%, 납입기간후 50%))","보험기간 중 피보험자가 암보장개시일 이후에 ‘암(기타피부암 및 갑상선암 제외)’으로 최초 진단이 확정되고, 최초 진단확정일로부터 이후 매년 진단확정일의 전일까지 ‘암(기타피부암 및 갑상선암 제외)’으로 ‘암 주요치료’(‘암 수술’, ‘항암약물치료’, ‘항암방사선치료’) 중 어느 하나의 치료를 받은 경우 (매년(매회), 최초 진단확정일로부터 최대 10년간, 매년 1회를 한도로 지급(최대 10회 지급))","매년(매회) 2,000만원"
53,8,암보장S특약[일반암](갱신형) 무배당,"보험기간 중 피보험자가 암보장개시일 이후에 ‘암(기타피부암, 대장점막내암, 초기유방암, 초기갑상선암 제외)’으로 진단이 확정되었을 경우 (최초 1회한)","1,000만원"
54,8,암주요치료보장S특약[암(기타피부암·갑상선암 제외)](연1회)(갱신형) 무배당,"보험기간 중 피보험자가 암보장개시일 이후에 ‘암(기타피부암 및 갑상선암 제외)’으로 최초 진단이 확정되고, 최초 진단확정일로부터 이후 매년 진단확정일의 전일까지 ‘암(기타피부암 및 갑상선암 제외)’으로 ‘암 주요치료’(‘암 수술’, ‘항암약물치료’, ‘항암방사선치료’) 중 어느 하나의 치료를 받은 경우 (매년(매회), 최초 진단확정일로부터 최대 10년간, 매년 1회를 한도로 지급(최대 10회 지급))","매년(매회) 2,000만원"
55,9,암사망보험금,"보험기간 중 피보험자가 암보장개시일 이후에 ‘암(기타피부암, 대장점막내암 제외)’ 또는 보장개시일 이후에 ‘기타피부암’, ‘대장점막내암’으로 진단이 확정되고, 보험기간 중 그 ‘암(기타피부암, 대장점막내암 제외)’, ‘기타피부암’ 또는 ‘대장점막내암’을 직접적인 원인으로 사망한 경우",250만원
56,9,사망보험금,보험기간 중 피보험자가 사망한 경우,250만원
57,10,간편가입 e암진단보장보험Ⅱ(비갱신형) 무배당,"암 진단자금_보험기간 중 암보장개시일 이후 피보험자가 ‘암(직ㆍ결장암, 유방암, 여성생식기암, 전립선암, 기타피부암, 중증이외의 갑상선암, 대장점막내암 제외)’으로 진단이 확정되었을 경우(최초 1회한, 2년 미만 50% 지급) ※ 이외 보장담보는 상품요약서 참조","2년 미만 500만원, 2년 이상 1,000만원"
58,10,"간편가입 e통합암보장보험[전이포함, 일반암](비갱신형) 무배당","초기 이외의 유방ㆍ생식기암(전이포함) 진단자금_보험기간 중 피보험자가 암보장개시일 이후에 ‘초기 이외의 유방ㆍ생식기암(전이포함)’으로 진단 확정되었을 경우(최초 1회한, 2년 미만 50% 지급) ※ 이외 보장담보는 상품요약서 참조","2년 미만 500만원, 2년 이상 1,000만원"
59,10,간편가입 e암수술보장보험Ⅱ(비갱신형) 무배당,"보험기간 중 피보험자가 보장개시일(암(기타피부암, 대장점막내암 제외)은 암보장개시일) 이후에 암(기타피부암, 대장점막내암 제외), 기타피부암, 대장점막내암, 제자리암 또는 경계성종양으로 진단이 확정되고, 보험기간 중 그 치료를 직접적인 목적으로 '수술분류표'에서 정한 수술을 받았을 경우 ※ 대뇌내시경, 흉강경수술, 복강경수술 및 조혈모세포이식수술은 관혈수술에 준합니다.(1회당, 2년 미만 50% 지급))","(1회당) [관혈수술] 2년 미만 500만원, 2년 이상 1,000만원, [비관혈수술] 2년 미만 100만원, 2년 이상 200만원"
60,10,간편가입 e항암 약물·방사선 치료보장보험Ⅱ(비갱신형) 무배당,"항암약물 치료자금Ⅰ_보험기간 중 피보험자가 암보장개시일 이후에 ‘암(기타피부암 및 갑상선암 제외)’으로 진단 확정되고 보험기간 중 그 직접적인 치료를 목적으로 ‘항암약물치료’를 받았을 경우(단, 최초 1회한, 2년 미만 50% 지급)","2년 미만 500만원, 2년 이상 1,000만원"
61,10,간편가입 e암직접치료통원보장보험Ⅱ(비갱신형) 무배당,"암 통원자금_보험기간 중 피보험자가 암보장개시일 이후에 암(기타피부암, 대장점막내암 제외)으로 진단이 확정되고, 보험기간 중 그 암(기타피부암, 대장점막내암 제외)의 직접적인 치료를 목적으로 병원 또는 의원(한방병원 또는 한의원을 포함)에서 통원치료를 받았을 경우(1일 1회한, 연간 30회한, 2년 미만 50% 지급) ※ 이외 보장담보는 상품요약서 참조","(1회당) 2년 미만 2만 5천원, 2년 이상 5만원"
62,11,특정 고액치료비관련 암진단자금,"보험기간 중 피보험자가 암보장개시일 이후에 ‘특정 고액치료비관련암’으로 진단이 확정되었을 경우(최초 1회한, 2년미만 50%지급)","2년미만 1,500만원, 2년이상 3,000만원"
63,11,암진단자금,"보험기간 중 피보험자가 암보장개시일 이후에 ‘암(직ㆍ결장암, 유방암, 여성생식기암, 전립선암, 기타피부암, 갑상선암, 대장점막내암 제외)’으로 진단이 확정되었을 경우(최초 1회한, 2년미만 50%지급)","2년미만 1,500만원, 2년이상 3,000만원"
64,11,중증 갑상선암 진단자금,"보험기간 중 피보험자가 암보장개시일 이후에 ‘중증 갑상선암’으로 진단이 확정되었을 경우(최초 1회한, 2년미만 50%지급)","2년미만 1,200만원, 2년이상 2,400만원"
65,11,특정 소액암 진단자금,"보험기간 중 피보험자가 암보장개시일 이후에 ‘특정 소액암’으로 진단이 확정되었을 경우(최초 1회한, 2년미만 50%지급)","2년미만 900만원, 2년이상 1,800만원"
66,11,소액질병 진단자금,"보험기간 중 피보험자가 보장개시일 이후에 ‘기타피부암’으로 진단이 확정되었을 경우(최초 1회한, 2년미만 50%지급)","2년미만 300만원, 2년이상 600만원"
67,11,소액질병 진단자금,"보험기간 중 피보험자가 암보장개시일 이후에 ‘갑상선암’으로 진단이 확정되었을 경우(최초 1회한, 2년미만 50%지급)","2년미만 300만원, 2년이상 600만원"
68,11,소액질병 진단자금,"보험기간 중 피보험자가 보장개시일 이후에 ‘대장점막내암’으로 진단이 확정되었을 경우(최초 1회한, 2년미만 50%지급)","2년미만 300만원, 2년이상 600만원"
69,11,소액질병 진단자금,"보험기간 중 피보험자가 보장개시일 이후에 ‘제자리암’으로 진단이 확정되었을 경우(최초 1회한, 2년미만 50%지급)","2년미만 300만원, 2년이상 600만원"
70,11,소액질병 진단자금,"보험기간 중 피보험자가 보장개시일 이후에 ‘경계성종양’으로 진단이 확정되었을 경우(최초 1회한, 2년미만 50%지급)","2년미만 300만원, 2년이상 600만원"
71,12,5대암 진단급여금,"피보험자가 보험기간 중 암 보장개시일 이후 ""5대암""으로 진단이 확정되었을 때(다만, 최초 1회 한함)","경과기간 1년 미만 : 500만원, 경과기간 1년 이상 : 1,000만원"
72,13,암진단급여금,"피보험자가 보험기간 중 암보장개시일 이후에 ""암""으로 진단이 확정되었을 때(다만, 최초 1회에 한함)","경과기간 1년 미만 : 1,000만원 / 경과기간 1년 이상 : 2,000만원"
73,13,유방암진단급여금,"피보험자가 보험기간 중 암보장개시일 이후에 유방암으로 진단이 확정되었을 때(다만, 최초 1회에 한함)",경과기간 1년 미만 : 200만원 / 경과기간 1년 이상 : 400만원
74,13,전립선암진단급여금,"피보험자가 보험기간 중 암보장개시일 이후에 전립선암으로 진단이 확정되었을 때(다만, 최초 1회에 한함)",경과기간 1년 미만 : 200만원 / 경과기간 1년 이상 : 400만원
75,13,중증 이외의 갑상선암진단급여금,"피보험자가 보험기간 중 중증 이외의 갑상선암으로 진단이 확정되었을 때(다만, 최초 1회에 한함)",경과기간 1년 미만 : 100만원 / 경과기간 1년 이상 : 200만원
76,13,기타피부암진단급여금,"피보험자가 보험기간 중 기타피부암으로 진단이 확정되었을 때(다만, 최초 1회에 한함)",경과기간 1년 미만 : 100만원 / 경과기간 1년 이상 : 200만원
77,13,대장점막내암진단급여금,"피보험자가 보험기간 중 대장점막내암으로 진단이 확정되었을 때(다만, 최초 1회에 한함)",경과기간 1년 미만 : 100만원 / 경과기간 1년 이상 : 200만원
78,13,제자리암진단급여금,"피보험자가 보험기간 중 제자리암으로 진단이 확정되었을 때(다만, 최초 1회에 한함)",경과기간 1년 미만 : 100만원 / 경과기간 1년 이상 : 200만원
79,13,경계성종양잔단급여금,"피보험자가 보험기간 중 경계성종양으로 진단이 확정되었을 때(다만, 최초 1회에 한함)",경과기간 1년 미만 : 100만원 / 경과기간 1년 이상 : 200만원
80,13,무배당 ABL인터넷급성심근경색증진단특약Ⅱ(갱신형),"이 특약의 보험기간 중 피보험자가 급성심근경색증으로 진단이 확정되었을 때(다만, 최초 1회에 한함)","경과기간 1년 미만 : 500만원 / 경과기간 1년 이상 : 1,000만원"
81,13,무배당 ABL인터넷뇌출혈진단특약Ⅱ(갱신형),"이 특약의 보험기간 중 피보험자가 뇌출혈로 진단이 확정되었을 때(다만, 최초 1회에 한함)","경과기간 1년 미만 : 500만원 / 경과기간 1년 이상 : 1,000만원"
82,13,무배당 ABL인터넷말기신부전증진단특약(갱신형),"이 특약의 보험기간 중 피보험자가 말기신부전증으로 진단이 확정되었을 때(다만, 최초 1회에 한함)","경과기간 1년 미만 : 500만원 / 경과기간 1년 이상 : 1,000만원"
83,14,만기보험금,피보험자가 보험기간이 끝날 때까지 살아 있을 경우,이미 납입한 주계약 보험료 전액
84,14,암진단보험금,"피보험자가 보험기간 중 암보장개시일 이후에 “암”으로 진단 확정되었을 경우 (단, 최초 1회의 암 진단 확정에 한함)","1년이내 2,500만원 1년초과 5,000만원"
85,14,암진단보험금,"피보험자가 보험기간 중 “초기유방암”,“경계성종양” 또는 “중증 이외 갑상선암”으로 진단 확정되었을 경우 (단, “초기유방암”,“경계성종양”, “중증 이외 갑상선 암”에 대해 각각 최초 1회의 진단 확정에 한함)","1년이내 500만원 1년초과 1,000만원"
86,14,암진단보험금,"피보험자가 보험기간 중 “제자리암”, “기타피부암”, “비침습 방광암” 또는 “대장점막내암”으로 진단 확정 되었을 경우 (단, “제자리암”, “기타피부암”, “비침습 방광암” 및 “대장점막내암”각각 최초 1회의 진단 확정에 한함)",1년이내 250만원 1년초과 500만원
87,14,암사망특약ⅡD (무배당),"피보험자가 이 특약의 보험기간 중 암보장개시일 이후에 암으로 진단이 확정되고 그 암으로 인하여 사망하였을 경 우 또는 피보험자가 이 특약의 보험기간 중 「기타피부암, 갑상선암, 비침습 방광암 또는 대장점막내암」으로 진단이 확정되고 그 「기타피부암, 갑상선암, 비침습 방광암 또는 대장점막내암」으로 인하여 사망하였을 경우",1000만원
88,14,신암직접치료(요양 병원제외)입원특약 D(무배당),"피보험자가 이 특약의 보험기간 중 암보장개시일 이후에 “암”으로 진단이 확정되고 그 “암의 직접적인 치료”를 목적으로 1일이상 계속하여 병원(단, 요양병원 제외)에 입 원일수 1일당 (1회 입원당 120일한도) * 이외 보장담보는 상품요약서 참조",5만원
89,14,암직접치료통원특약 D(무배당),"피보험자가 이 특약의 보험기간 중 암보장개시일 이후에 “암”으로 진단이 확정되고 그 “암의 직접적인 치료”를 목적으로 병원에 통원시 또는 피보험자가 이 특약의 보험 기간 중 “경계성종양”, “기타피부암”, “갑상선암”, “제자리암”, “비침습 방광암” 또는 “대장점막내암” 으로 진단이 확정되고 그 질병의 직접적인 치료를 목적으 로 병원에 통원시",1회 통원당 2만원
90,14,"요양병원 암입원특약N (갱신형,무배당)",피보험자가 최초계약의 암보장개시일 이후에 “암”으로 진단이 확정되고 이 특약의 보험기간 중 그 “암”으로 인 하여 4일이상 계속하여 요양병원에 입원하였을 경우 * 3일초과 요양병원에 입원시 최초3일을 제외한 입원일수 1일당 (1회 입원당 60일 한도) * 이외 보장담보는 상품요약서 참조,2만원
91,15,암진단보험금,"피보험자가 보험기간 중 암보장개시일 이후에 암(「""초기 이외 유방암"", ""중증갑상선암"", ""자궁암"" 또는""전립선암""」)으로 진단시(최초1회한)","3,000만원(1년 이내 1,500만원)"
92,15,암진단보험금,"피보험자가 보험기간 중 암보장개시일 이후에 암(「""초기 이외 유방암"", ""중증갑상선암"", ""자궁암"" 또는""전립선암""」이외의 암)으로 진단시(최초1회한)","3,000만원"
93,15,"소액질병보장특약Ⅷ(무배당,무해약환급금형)","피보험자가 이 특약의 보험기간 중 ""초기유방암"", ""양성뇌 종양"", ""경계성종양"", ""중증 이외 갑상선암"", ""제자리암"", ""기타피부암"", ""비침습 방광암"" 또는 ""대장점막내암""으로 진단시 (각 1회한)",500만원(1년 이내 250만원)
94,15,"암사망특약Ⅲ(무배당,무해약환급금형)","특약의 보험기간 중 암보장개시일 이후에 암으로 진단 이 확정되고 그 암으로 인하여 사망하였을 경우 또는 피보 험자가 이 특약의 보험기간 중 「기타피부암, 갑상선암, 비침습 방광암 또는 대장점막내암」으로 진단이 확정되고 그 「기타피부암, 갑상선암, 비침습 방광암 또는 대장점막 내암」으로 인하여 사망하였을 경우","9,000만원"
95,16,암진단 보험금Ⅰ (최초 1회한),"단 보험금Ⅰ (최초 1회한) 피보험자가 보험기간 중 암보장개시일 이후에 암으로 진단 확정 되었을 경우 (단, 자궁암은 피보험자가 여성인 경우에 한하고 전립선암 은 피보험자가 남성인 경우에 한함)","1,000만원(1년 이내는 500만원)"
96,16,암진단 보험금Ⅱ (최초 1회한),"피보험자가 보험기간 중 암보장개시일 이후에 “전립선암” 이외의 암으로 진단 확정 되었을 경우 (단, 자궁암은 피보험자가 여성인 경우에 한함)","1,000만원(1년 이내는 500만원)"
97,16,암진단 보험금Ⅲ (최초 1회한),"피보험자가 보험기간 중 암보장개시일 이후에 「""초기이외 유방암"", ""중증갑상선암"", ""자궁암"" 및 ""전립선암""」이외의 암으로 진단 확정 되었을 경우","3,000만원(1년 이내는 1500만원)"
98,16,소액암진단보험금,"피보험자가 보험기간 중 경계성종양, 초기유방암, 중증이외 갑상선암으로 진단이 확정되었을 때 (단, 경계성종양, 초기 유방암, 중증이외갑상선암에 대해 각각 1회의 진단 확정에 한함), 피보험자가 보험기간 중 제자리암, 기타피부암, 비침습 방 광암 또는 대장점막내암으로 진단이 확정되었을 때 (단, 제 자리암, 기타피부암, 비침습 방광암, 대장점막내암에 대해 각각 1회의 진단 확정에 한함)",600만원(1년 이내는 300만원)
99,17,암진단급여금,피보험자가 암보장개시일 이후에 암으로 진단 확정되었을 때,보험가입금액의 100%
100,17,(무)골절진단(치아파절제외)특약,"피보험자가 보험기간 중 보장개시일 이후에 재해골절(치아파절 제외)이 발생하였을 때(발생 1회당) (다만, 동일재해에 의한 경우 1회에 한함)",가입금액의 100%
101,17,(무)허혈심장질환특약Ⅱ,"피보험자가 보험기간 중 보장개시일 이후에 허혈심장질환으로 진단확정 되었을 때(다만, 최초 1회에 한함)",가입금액의 100%
102,17,(무)수술보장특약Ⅲ,피보험자가 보험기간 중 보장개시일 이후에 질병 또는 재해로 인하여 그 치료를 직접 목적으로 별표3(1~5종 수술분류표)에서 정한 수술을 받았을 때(수술 1회당),"1종 : 20만원 2종 : 50만원 3종 : 100만원 4종 : 500만원 5종 : 1,000만원"
103,17,(무)뇌혈관질환진단특약Ⅱ,"피보험자가 보험기간 중 보장개시일 이후에 뇌혈관질환으로 진단확정 되었을 때 (다만, 뇌혈관질환(신생아 뇌출혈 제외), 신생아 뇌출혈 각 최초 1회에 한함)",가입금액의 100%
104,18,암진단급여금,피보험자가 암보장개시일 이후에 암으로 진단 확정되었을 때,보험가입금액의 100%
105,18,(무)골절진단(치아파절제외)특약,"피보험자가 보험기간 중 보장개시일 이후에 재해골절(치아파절 제외)이 발생하였을 때(발생 1회당) (다만, 동일재해에 의한 경우 1회에 한함)",가입금액의 100%
106,18,(무)허혈심장질환특약Ⅱ,"피보험자가 보험기간 중 보장개시일 이후에 허혈심장질환으로 진단확정 되었을 때(다만, 최초 1회에 한함)",가입금액의 100%
107,18,(무)수술보장특약Ⅲ,피보험자가 보험기간 중 보장개시일 이후에 질병 또는 재해로 인하여 그 치료를 직접 목적으로 별표3(1~5종 수술분류표)에서 정한 수술을 받았을 때(수술 1회당),"1종 : 20만원 2종 : 50만원 3종 : 100만원 4종 : 500만원 5종 : 1,000만원"
108,18,(무)뇌혈관질환진단특약Ⅱ,"피보험자가 보험기간 중 보장개시일 이후에 뇌혈관질환으로 진단확정 되었을 때 (다만, 뇌혈관질환(신생아 뇌출혈 제외), 신생아 뇌출혈 각 최초 1회에 한함)",가입금액의 100%
109,19,암진단보험금,"피보험자가 보험기간 중 암보장개시일 이후에 “암”으로 진단확정되었을 경우(다만, 최초 1회의 진단확정에 한함)","1년이상 3,000만원 1년미만 1500만원"
110,19,무배당 소액암진단특약(간편가입/갱신형)Ⅲ 2형,"피보험자가 보험기간 중 기타피부암으로 진단확정되었을 경우 (다만, 최초 1회의 진단확정에 한함) ※ 이외 보장담보는 상품요약서 참조",1년이상 200만원 1년미만 100만원
111,19,무배당 표적항암약물허가치료특약(간편가입/갱신형)2형,"피보험자가 이 특약의 보험기간 중 암보장개시일 이후에 “암”으로 진단 확정되거나 보장개시일 이후에 “기타피부암” 또는 “갑상선암”으로 진단 확정되고, 그 “암”, “기타피부암” 또는 “갑상선암”의 직접적인 치료를 목적으로 “표적항암약물허가치료”를 받은 경우(다만, 최초 1회에 한함)","2년이상 1,000만원 2년미만 500만원"
112,19,무배당 항암방사선약물치료특약(간편가입),피보험자가 이 특약의 보험기간 중 일반암 보장개시일 이후에 일반암으로 진단이 확정되고 그 일반암의 직접적인 치료를 목적으로 “항암방사선치료”를 받은 경우 또는 이 특약의 보험기간 중 소액암으로 진단이 확정되고 그 소액암의 직접적인 치료를 목적으로 “항암방사선치료”를 받은 경우 ※ 이외 보장담보는 상품요약서 참조,1년이상 100만원 1년미만 50만원
113,19,무배당 암직접치료입원특약(요양병원제외)(간편가입/갱신형)Ⅱ,피보험자가 이 특약의 보험기간 중 암보장개시일 이후에 암으로 진단이 확정되고 그 암의 직접적인 치료를 목적으로 1일 이상 입원하였을 경우(1회 입원당 120일 한도) ※ 이외 보장담보는 상품요약서 참조,입원일수 1일당 5만원
114,20,암진단보험금,"피보험자가 보험기간 중 암보장개시일 이후에 “암”으로 진단확정되었을 경우(다만, 최초 1회의 진단확정에 한함)","1년이상 3,000만원 1년미만 1500만원"
115,20,무배당 소액암진단특약(간편가입/갱신형)Ⅲ 2형,"피보험자가 보험기간 중 기타피부암으로 진단확정되었을 경우 (다만, 최초 1회의 진단확정에 한함) ※ 이외 보장담보는 상품요약서 참조",1년이상 200만원 1년미만 100만원
116,20,무배당 표적항암약물허가치료특약(간편가입/갱신형)2형,"피보험자가 이 특약의 보험기간 중 암보장개시일 이후에 “암”으로 진단 확정되거나 보장개시일 이후에 “기타피부암” 또는 “갑상선암”으로 진단 확정되고, 그 “암”, “기타피부암” 또는 “갑상선암”의 직접적인 치료를 목적으로 “표적항암약물허가치료”를 받은 경우(다만, 최초 1회에 한함)","2년이상 1,000만원 2년미만 500만원"
117,20,무배당 항암방사선약물치료특약(간편가입),피보험자가 이 특약의 보험기간 중 일반암 보장개시일 이후에 일반암으로 진단이 확정되고 그 일반암의 직접적인 치료를 목적으로 “항암방사선치료”를 받은 경우 또는 이 특약의 보험기간 중 소액암으로 진단이 확정되고 그 소액암의 직접적인 치료를 목적으로 “항암방사선치료”를 받은 경우 ※ 이외 보장담보는 상품요약서 참조,1년이상 100만원 1년미만 50만원
118,20,무배당 암직접치료입원특약(요양병원제외)(간편가입/갱신형)Ⅱ,피보험자가 이 특약의 보험기간 중 암보장개시일 이후에 암으로 진단이 확정되고 그 암의 직접적인 치료를 목적으로 1일 이상 입원하였을 경우(1회 입원당 120일 한도) ※ 이외 보장담보는 상품요약서 참조,입원일수 1일당 5만원
119,21,암진단보험금,"피보험자가 보험기간 중 암보장개시일 이후에 “암”으로 진단확정되었을 경우(다만, 최초 1회의 진단확정에 한함)","1년이상 3,000만원 1년미만 1500만원"
120,21,무배당 소액암진단특약(갱신형)Ⅳ 2형,"피보험자가 보험기간 중 기타피부암으로 진단확정되었을 경우 (다만, 최초 1회의 진단확정에 한함) ※ 이외 보장담보는 상품요약서 참조",1년이상 200만원 1년미만 100만원
121,21,무배당 표적항암약물허가치료특약(갱신형)2형,"피보험자가 암보장개시일 이후에 “암”으로 진단 확정되거나 보장개시일 이후에 “기타피부암” 또는 “갑상선암”으로 진단 확정되고, 그 “암”, “기타피부암” 또는 “갑상선암”의 직접적인 치료를 목적으로 “표적항암약물허가치료”를 받은 경우(다만, 최초 1회에 한함)","2년이상 1,000만원 2년미만 500만원"
122,21,무배당 항암방사선약물치료특약Ⅲ,피보험자가 이 특약의 보험기간 중 일반암 보장개시일 이후에 일반암으로 진단이 확정되고 그 일반암의 직접적인 치료를 목적으로 “항암방사선치료”를 받은 경우 또는 이 특약의 보험기간 중 소액암으로 진단이 확정되고 그 소액암의 직접적인 치료를 목적으로 “항암방사선치료”를 받은 경우 ※ 이외 보장담보는 상품요약서 참조,1년이상 100만원 1년미만 50만원
123,21,무배당 암직접치료특약(요양병원입원제외/갱신형)Ⅱ,피보험자가 이 특약의 보험기간 중 암보장개시일 이후에 암으로 진단이 확정되고 그 암의 직접적인 치료를 목적으로 1일 이상 입원하였을 경우(1회 입원당 120일 한도) ※ 이외 보장담보는 상품요약서 참조,입원일수 1일당 5만원
124,22,암진단보험금,"피보험자가 보험기간 중 암보장개시일 이후에 “암”으로 진단확정되었을 경우(다만, 최초 1회의 진단확정에 한함)","1년이상 3,000만원 1년미만 1500만원"
125,22,무배당 소액암진단특약(갱신형)Ⅳ 2형,"피보험자가 보험기간 중 기타피부암으로 진단확정되었을 경우 (다만, 최초 1회의 진단확정에 한함) ※ 이외 보장담보는 상품요약서 참조",1년이상 200만원 1년미만 100만원
126,22,무배당 표적항암약물허가치료특약(갱신형)2형,"피보험자가 암보장개시일 이후에 “암”으로 진단 확정되거나 보장개시일 이후에 “기타피부암” 또는 “갑상선암”으로 진단 확정되고, 그 “암”, “기타피부암” 또는 “갑상선암”의 직접적인 치료를 목적으로 “표적항암약물허가치료”를 받은 경우(다만, 최초 1회에 한함)","2년이상 1,000만원 2년미만 500만원"
127,22,무배당 항암방사선약물치료특약Ⅲ,피보험자가 이 특약의 보험기간 중 일반암 보장개시일 이후에 일반암으로 진단이 확정되고 그 일반암의 직접적인 치료를 목적으로 “항암방사선치료”를 받은 경우 또는 이 특약의 보험기간 중 소액암으로 진단이 확정되고 그 소액암의 직접적인 치료를 목적으로 “항암방사선치료”를 받은 경우 ※ 이외 보장담보는 상품요약서 참조,1년이상 100만원 1년미만 50만원
128,22,무배당 암직접치료특약(요양병원입원제외/갱신형)Ⅱ,피보험자가 이 특약의 보험기간 중 암보장개시일 이후에 암으로 진단이 확정되고 그 암의 직접적인 치료를 목적으로 1일 이상 입원하였을 경우(1회 입원당 120일 한도) ※ 이외 보장담보는 상품요약서 참조,입원일수 1일당 5만원
129,23,암진단보험금,"피보험자가 보험기간 중 암보장개시일 이후에 “암”으로 진단확정되었을 경우(다만, 최초 1회의 진단확정에 한함)","1년이상 1,000만원 1년미만 500만원"
130,23,무배당 소액암진단특약(간편가입/갱신형)Ⅲ 2형,"피보험자가 보험기간 중 기타피부암으로 진단확정되었을 경우 (다만, 최초 1회의 진단확정에 한함) *이외 보장담보는 상품요약서 참조","1년이상 200만원, 1년미만 100만원"
131,23,무배당 표적항암약물허가치료특약(간편가입/갱신형) 2형,"피보험자가 암보장개시일 이후에 “암”으로 진단확정되거나 보장개시일 이후에 “기타피부암” 또는 “갑상선암”으로 진단 확정되고, 그 “암”, “기타피부암” 또는 “갑상선암”의 직접적인 치료를 목적으로 “표적항암약물허가치료”를 받은 경우(다만, 최초 1회에 한함)","1,000만원(최초계약의 계약일부터 2년 미만에 보험금 지급사유가 발생한 경우 50% 감액 지급)"
132,23,무배당 항암방사선약물치료특약(간편가입/갱신형)Ⅱ,피보험자가 이 특약의 보험기간 중 일반암 보장개시일 이후에 일반암으로 진단이 확정되고 그 일반암의 직접적인 치료를 목적으로 “항암방사선치료”를 받은 경우 *이외 보장담보는 상품요약서 참조,"100만원(다만, 최초 1회의 치료에 한함)"
133,23,무배당 암직접치료입원특약(요양병원제외)(간편가입/갱신형)Ⅱ,피보험자가 이 특약의 보험기간 중 암보장개시일 이후에 암으로 진단확정되고 그 암의 직접적인 치료를 목적으로 1일 이상 입원하였을 경우 *이외 보장담보는 상품요약서 참조,입원일수 1일당 5만원(1회 입원당 지급일수 120일 한도)
134,24,암진단보험금,"피보험자가 보험기간 중 암보장개시일 이후에 “암”으로 진단확정되었을 경우(다만, 최초 1회의 진단확정에 한함)","1년이상 1,000만원 1년미만 500만원"
135,24,무배당 소액암진단특약(갱신형)Ⅳ 2형,"피보험자가 보험기간 중 기타피부암으로 진단확정되었을 경우 (다만, 최초 1회의 진단확정에 한함) ※ 이외 보장담보는 상품요약서 참조","1년이상 200만원, 1년미만 100만원"
136,24,무배당 표적항암약물허가치료특약(갱신형) 2형,"피보험자가 암보장개시일 이후에 “암”으로 진단확정되거나 보장개시일 이후에 “기타피부암” 또는 “갑상선암”으로 진단 확정되고, 그 “암”, “기타피부암” 또는 “갑상선암”의 직접적인 치료를 목적으로 “표적항암약물허가치료”를 받은 경우(다만, 최초 1회에 한함)","1,000 만원(최초계약의 계약일부터 2년 미만에 보험금 지급사유가 발생한 경우 50% 감액 지급)"
137,24,무배당 항암방사선약물치료특약(갱신형)Ⅱ,피보험자가 이 특약의 보험기간 중 일반암 보장개시일 이후에 일반암으로 진단이 확정되고 그 일반암의 직접적인 치료를 목적으로 “항암방사선치료”를 받은 경우 ※ 이외 보장담보는 상품요약서 참조,"100만원(다만, 최초 1회의 치료에 한함)"
138,24,무배당 암직접치료특약(요양병원입원 제외/갱신형)Ⅱ,피보험자가 이 특약의 보험기간 중 암보장개시일 이후에 암으로 진단이 확정되고 그 암의 직접적인 치료를 목적으로 1일 이상 입원하였을 경우(1회 입원당 120 일 한도) ※ 이외 보장담보는 상품요약서 참조,입원일수 1일당 5만원
139,25,만기환급금,피보험자가 보험기간이 끝날 때까지 살아 있을 경우,이미 납입한 주계약 보험료의 80%
140,25,암진단자금Ⅰ,"피보험자가 보험기간중 암보장개시일 이후에 “암”으로 진단확정시(다만, 최초 1회의 진단확정에 한함)","400만원(다만, 1년 미만 진단 확정된 경우 50% 감액 지급)"
141,25,암진단자금Ⅱ,"피보험자가 보험기간중 암보장개시일 이후에 「”유방암”(다만, 여성에 한함) 및 “전립선암”」이외의 암으로 진단 확정시(다만, 최초 1회의 진단확정에 한함)","600만원(다만, 1년 미만 진단 확정된 경우 50% 감액 지급)"
142,25,기타피부암 진단자금,"보험기간 중 피보험자가 기타피부암으로 진단이 확정되었을 때(다만, 최초 1회에 한함)","100만원(다만, 1년 미만 50%지급)"
143,25,제자리암 진단자금,"보험기간 중 피보험자가 제자리암으로 진단이 확정되었을 때(다만, 최초 1회에 한함)","100만원(다만, 1년 미만 50%지급)"
144,25,대장점막내암 진단자금,"보험기간 중 피보험자가 대장점막내암으로 진단이 확정되었을 때(다만, 최초 1회에 한함)","100만원(다만, 1년 미만 50%지급)"
145,25,경계성종양 진단자금,"보험기간 중 피보험자가 경계성종양으로 진단이 확정되었을 때(다만, 최초 1회에 한함)","100만원(다만, 1년 미만 50%지급)"
146,25,갑상선암 진단자금,"보험기간 중 피보험자가 갑상선암으로 진단이 확정되었을 때(다만, 최초 1회에 한함)","100만원(다만, 1년 미만 50%지급)"
147,25,암직접치료 입원비,"보험기간중 피보험자가 암보장개시일 이후에 암으로 진단이 확정되고, 그 암의 직접적인 치료를 목적으로 1일 이상 입원하였을 때",입원일수 1일당 5만원 (120일 한도)
148,25,기타피부암 직접치료 입원비,"보험기간 중 피보험자가 기타피부암으로 진단이 확정되고, 그 기타피부암의 직접적인 치료를 목적으로 1일 이상 입원하였을 때",입원일수 1일당 1만원 (120일 한도)
149,25,제자리암 직접치료 입원비,"보험기간 중 피보험자가 제자리암으로 진단이 확정되고, 그 제자리암의 직접적인 치료를 목적으로 1일 이상 입원하였을 때",입원일수 1일당 1만원 (120일 한도)
150,25,대장점막내암 직접치료 입원비,"보험기간 중 피보험자가 대장점막내암으로 진단이 확정되고, 그 대장점막내암의 직접적인 치료를 목적으로 1일 이상 입원하였을 때",입원일수 1일당 1만원 (120일 한도)
151,25,경계성종양 직접치료 입원비,"보험기간 중 피보험자가 경계성종양으로 진단이 확정되고, 그 경계성종양의 직접적인 치료를 목적으로 1일 이상 입원하였을 때",입원일수 1일당 1만원 (120일 한도)
152,25,갑상선암 직접치료 입원비,"보험기간 중 피보험자가 갑상선암으로 진단이 확정되고, 그 갑상선암의 직접적인 치료를 목적으로 1일 이상 입원하였을 때",입원일수 1일당 1만원 (120일 한도)
153,25,암직접치료 통원비,"보험기간중 피보험자가 암보장개시일 이후에 암으로 진단이 확정되고, 그 암의 직접적인 치료를 목적으로 1일 이상 통원하였을 때",통원 1회당 3만원
154,25,기타피부암 직접치료 통원비,"보험기간 중 피보험자가 기타피부암으로 진단이 확정되고, 그 기타피부암의 직접적인 치료를 목적으로 1일 이상 통원하였을 때",통원 1회당 1만원
155,25,제자리암 직접치료 통원비,"보험기간 중 피보험자가 제자리암으로 진단이 확정되고, 그 제자리암의 직접적인 치료를 목적으로 1일 이상 통원하였을 때",통원 1회당 1만원
156,25,대장점막내암 직접치료 통원비,"보험기간 중 피보험자가 대장점막내암으로 진단이 확정되고, 그 대장점막내암의 직접적인 치료를 목적으로 1일 이상 통원하였을 때",통원 1회당 1만원
157,25,경계성종양 직접치료 통원비,"보험기간 중 피보험자가 경계성종양으로 진단이 확정되고, 그 경계성종양의 직접적인 치료를 목적으로 1일 이상 통원하였을 때",통원 1회당 1만원
158,25,갑상선암 직접치료 통원비,"보험기간 중 피보험자가 갑상선암으로 진단이 확정되고, 그 갑상선암의 직접적인 치료를 목적으로 1일 이상 통원하였을 때",통원 1회당 1만원
159,25,장애인전용 (무)교보곰두리보장보험 암사망특약,"피보험자가 이 특약의 보험기간 중 보장개시일(암은 암보장개시일)이후에 암, 기타피부암, 갑상선암 또는 대장점막내암을 직접적인 원인으로 사망하였을 경우","1,000만원"
160,25,무배당 암요양병원입원특약(갱신형)Ⅲ,피보험자가 이 특약의 보험기간 중 암으로 진단이 확정되고 그 암의 치료를 목적으로 1일 이상 요양병원 입원을 하였을 경우(1회 입원당 90일 한도),요양병원 입원일수 1일당 2만원
161,26,고액암 진단금,피보험자가 보험기간 중 암보장개시일 이후에 고액암으로 진단이 확정되었을 때 (최초 1회에 한함),"계약일부터 2년미만 : 1,500만원 / 계약일부터 2년이상 : 3,000만원"
162,26,일반암 진단금,피보험자가 보험기간 중 암보장개시일 이후에 유방암이외의 암으로 진단이 확정되었을 때 (최초 1회에 한함),"계약일부터 2년미만: 900만원 / 계약일부터 2년이상: 1,800만원"
163,26,암 진단금,피보험자가 보험기간 중 암보장개시일 이후에 암으로 진단이 확정되었을 때(최초 1회에 한함),"계약일부터 2년미만: 600만원 / 계약일부터 2년이상: 1,200만원"
164,26,기타피부암 · 중증갑상선암 이외의 갑상선암 · 대장점막내암 · 제자리암 · 경계성종양 진단금,"피보험자가 보험기간 중 기타피부암, 중증갑상선암 이외의 갑상선암, 대장점막내암, 제자리암 또는 경계성종양으로 진단이 확정되었을 때 (각각 최초 1회에 한함)",계약일부터 2년미만 : 150만원 / 계약일부터 2년이상 : 300만원
165,26,고도재해장해급여금,피보험자가 보험기간 중 발생한 동일한 재해를 원인으로 장해분류표 중 여러 신체부위의 장해지급률을 더하여 80%이상인 장해상태가 되었을 때 (최초 1회에 한함),"3,000만원"
166,26,중도급여금,피보험자가 계약일로부터 20년 경과시점 계약해당일에 살아있을 때,이미 납입한 주계약 보험료 전액
167,27,암(유사암 제외) 진단보험금,"피보험자가 보험기간 중 암보장개시일 이후에 암(유사암 제외)으로 진단확정된 경우 (다만, 최초 1회에 한하여 지급)","보험가입금액 (다만, ‘여성유방암’ 및 ‘전립선암’의 경우 최초 계약일로부터 1년미만 진단확정시 보험가입금액의 50%)"
168,27,유사암진단특약(갱신형) 무배당,"피보험자가 이 특약의 보험기간 중 ‘기타피부암’, ‘갑상선암(중증갑상선암 제외)’, ‘대장점막내암’, ‘비침습방광암’, ‘제자리암’ 또는 ‘경계성종양’으로 진단확정 된 경우 (다만, 각각 최초 1회에 한하여 지급)","최초계약의 최초 계약일로부터 1년 미만 : 이 특약 보험가입금액의 50% 최초계약의 최초 계약일로부터 1년 이후, 갱신계약 : 이 특약 보험가입금액의 100%"
169,27,항암방사선치료특약(갱신형) 무배당,"피보험자가 이 특약의 보험기간 중 암보장개시일 이후에 ‘암’으로 진단 확정되고 그 ‘암’의 치료를 직접적인 목적으로 ‘항암방사선치료’를 받았거나, 이 특약의 보험기간 중 ‘기타피부암’, ‘갑상선암(중증갑상선암 제외)’, ‘대장점막내암’, ‘제자리암’, ‘비침습방광암’ 또는 ‘경계성종양’으로 진단 확정되고 그 ‘기타피부암’, ‘갑상선암(중증갑상선암 제외)’, ‘대장점막내암’, ‘제자리암’, ‘비침습방광암’ 또는 ‘경계성종양’의 치료를 직접적인 목적으로 ‘항암방사선치료’를 받은 경우 (다만, 각각 최초 1회의 치료에 한하여 지급)","암 : 이 특약 보험가입금액의 100% 기타피부암, 갑상선암(중증갑상선암 제외), 대장점막내암, 비침습방광암, 제자리암, 경계성종양 : 이 특약 보험가입금액의 20%"
170,27,항암약물치료특약(갱신형) 무배당,"피보험자가 이 특약의 보험기간 중 암보장개시일 이후에 ‘암’으로 진단 확정되고 그 ‘암’의 치료를 직접적인 목적으로 ‘항암약물치료’를 받았거나, 이 특약의 보험기간 중 ‘기타피부암’, ‘갑상선암(중증갑상선암 제외)’, ‘대장점막내암’, ‘비침습방광암’, ‘제자리암’ 또는 ‘경계성종양’으로 진단확정 되고 그 ‘기타피부암’, ‘갑상선암(중증갑상선암 제외)’, ‘대장점막내암’, ‘비침습방광암’, ‘제자리암’ 또는 ‘경계성종양’의 치료를 직접적인 목적으로 ‘항암약물치료’를 받은 경우 (다만, 각각 최초 1회의 치료에 한하여 지급)","암 : 이 특약 보험가입금액의 100% 기타피부암, 갑상선암(중증갑상선암 제외), 대장점막내암, 비침습방광암, 제자리암, 경계성종양 : 이 특약 보험가입금액의 20%"
171,27,급여 암 재활치료특약(갱신형) 무배당,"피보험자가 이 특약의 보험기간 중 암보장개시일 이후에 ‘암’, ‘기타피부암’, ‘갑상선암(중증갑상선암 제외)’, ‘대장점막내암’ 또는 ‘비침습방광암’으로 진단확정 되고, 입원 중에 급여 암 특정 재활치료를 받은 경우 또는 통원 중에 급여 암 특정 재활치료를 받은 경우 (다만, 각각 1일 1회, 연간 10회에 한함)",이 특약 보험가입금액의 100%
172,28,암진단보험금,"피보험자가 보험기간 중 ‘암보장개시일’ 이후에 ‘암’으로 진단확정된 경우 (다만, 최초 1회에 한하여 지급)","최초계약의 최초 계약일로부터 2년 미만 : 보험가입금액의 50% / 최초계약의 최초 계약일로부터 2년 이후, 갱신계약 : 보험가입금액의 100% (다만, ‘여성유방암’ 및 ‘전립선암’의 경우 최초계약의 최초 계약일로부터 2년 미만 : 이 특약 보험가입금액의 10% / 최초계약의 최초 계약일로부터 2년 이후, 갱신계약 : 이 특약 보험가입금액의 20%)"
173,28,암진단보험금,"피보험자가 보험기간 중 ‘기타피부암’, ‘갑상선암’(‘중증갑상선암’ 제외), ‘대장점막내암’, ‘비침습방광암’, ‘제자리암’ 또는 ‘경계성종양’으로 진단확정된 경우 (다만, 각각 최초 1회에 한하여 지급)","최초계약의 최초 계약일로부터 2년 미만 : 보험가입금액의 5% / 최초계약의 최초 계약일로부터 2년 이후, 갱신계약 : 보험가입금액의 10%"
174,28,온라인 암보험 무배당 항암약물·방사선치료특약 [갱신형],"피보험자가 이 특약의 보험기간 중 암보장개시일 이후에 ‘암’으로 진단 확정되고 그 ‘암’의 치료를 직접적인 목적으로 ‘항암약물치료’ 또는 ‘항암방사선치료’를 받았거나, 이 특약의 보험기간 중 ‘기타피부암’, ‘갑상선암(중증갑상선암 제외)’, ‘대장점막내암’, ‘비침습방광암’, ‘제자리암’ 또는 ‘경계성종양’으로 진단확정 되고 그 ‘기타피부암’, ‘갑상선암(중증갑상선암 제외)’, ‘대장점막내암’, ‘비침습방광암’, ‘제자리암’ 또는 ‘경계성종양’의 치료를 직접적인 목적으로 ‘항암약물치료’ 또는 ‘항암방사선치료’를 받은 경우 (다만, 각각 최초 1회의 치료에 한하여 지급)","암 : 이 특약 보험가입금액의 100% 기타피부암, 갑상선암(중증갑상선암 제외), 대장점막내암, 비침습방광암, 제자리암, 경계성종양 : 이 특약 보험가입금액의 20%"
175,28,온라인 암보험 무배당 표적항암약물허가치료특약(갱신형),"피보험자가 이 특약의 보험기간 중 암보장개시일 이후에 ‘암’으로 진단 확정되거나, 이 특약의 보험기간 중 ‘기타피부암’, ‘갑상선암(중증갑상선암 제외)’, ‘대장점막내암’ 또는 ‘비침습방광암’으로 진단 확정 되고 그 ‘암’, ‘기타피부암’, ‘갑상선암(중증갑상선암 제외)’, ‘대장점막내암’ 또는 ‘비침습방광암’의 치료를 직접적인 목적으로 ‘표적항암약물허가치료’를 받은 경우 (다만, 최초 1회에 한하여 지급)","최초계약의 최초 계약일로부터 1년 미만 : 이 특약 보험가입금액의 50% 최초계약의 최초 계약일로부터 1년 이후, 갱신계약 : 이 특약 보험가입금액의 100%"
176,28,온라인 암보험 무배당 항암 정위방사선치료특약(갱신형),"피보험자가 이 특약의 보험기간 중 암보장개시일 이후에 ‘암’, ‘기타피부암’ 또는 ‘갑상선암’으로 진단확정 되고 그 ‘암’, ‘기타피부암’ 또는 ‘갑상선암’의 치료를 직접적인 목적으로 ‘항암정위방사선치료’를 받은 경우(다만, 최초 1회에 한하여 지급)","최초계약의 최초 계약일로부터 1년 미만 : 이 특약 보험가입금액의 50% 최초계약의 최초 계약일로부터 1년 이후, 갱신계약 : 이 특약 보험가입금액의 100%"
177,28,온라인 암보험 무배당 고액암진단특약 [갱신형],"피보험자가 보험기간 중 ‘암보장개시일’ 이후에 ‘고액암’으로 진단확정된 경우 (다만, 최초 1회에 한하여 지급)","최초계약의 최초 계약일로부터 2년 미만 : 이 특약 보험가입금액의 50% 최초계약의 최초 계약일로부터 2년 이후, 갱신계약 : 이 특약 보험가입금액의 100%"
178,29,암진단보험금,"피보험자가 보험기간 중 ‘암보장개시일’ 이후에 ‘암’으로 진단확정된 경우 (다만, 최초 1회에 한하여 지급)","최초계약의 최초 계약일로부터 2년 미만 : 보험가입금액의 50% / 최초계약의 최초 계약일로부터 2년 이후, 갱신계약 : 보험가입금액의 100% (다만, ‘여성유방암’ 및 ‘전립선암’의 경우 최초계약의 최초 계약일로부터 2년 미만 : 이 특약 보험가입금액의 10% / 최초계약의 최초 계약일로부터 2년 이후, 갱신계약 : 이 특약 보험가입금액의 20%)"
179,29,암진단보험금,"피보험자가 보험기간 중 ‘기타피부암’, ‘갑상선암’(‘중증갑상선암’ 제외), ‘대장점막내암’, ‘비침습방광암’, ‘제자리암’ 또는 ‘경계성종양’으로 진단확정된 경우 (다만, 각각 최초 1회에 한하여 지급)","최초계약의 최초 계약일로부터 2년 미만 : 보험가입금액의 5% / 최초계약의 최초 계약일로부터 2년 이후, 갱신계약 : 보험가입금액의 10%"
180,29,온라인 암보험 무배당 항암약물·방사선치료특약 [해약환급금이 없는 유형],"피보험자가 이 특약의 보험기간 중 암보장개시일 이후에 ‘암’으로 진단 확정되고 그 ‘암’의 치료를 직접적인 목적으로 ‘항암약물치료’ 또는 ‘항암방사선치료’를 받았거나, 이 특약의 보험기간 중 ‘기타피부암’, ‘갑상선암(중증갑상선암 제외)’, ‘대장점막내암’, ‘비침습방광암’, ‘제자리암’ 또는 ‘경계성종양’으로 진단확정 되고 그 ‘기타피부암’, ‘갑상선암(중증갑상선암 제외)’, ‘대장점막내암’, ‘비침습방광암’, ‘제자리암’ 또는 ‘경계성종양’의 치료를 직접적인 목적으로 ‘항암약물치료’ 또는 ‘항암방사선치료’를 받은 경우 (다만, 각각 최초 1회의 치료에 한하여 지급)","암 : 이 특약 보험가입금액의 100% 기타피부암, 갑상선암(중증갑상선암 제외), 대장점막내암, 비침습방광암, 제자리암, 경계성종양 : 이 특약 보험가입금액의 20%"
181,29,온라인 암보험 무배당 표적항암약물허가치료특약(갱신형),"피보험자가 이 특약의 보험기간 중 암보장개시일 이후에 ‘암’으로 진단 확정되거나, 이 특약의 보험기간 중 ‘기타피부암’, ‘갑상선암(중증갑상선암 제외)’, ‘대장점막내암’ 또는 ‘비침습방광암’으로 진단 확정 되고 그 ‘암’, ‘기타피부암’, ‘갑상선암(중증갑상선암 제외)’, ‘대장점막내암’ 또는 ‘비침습방광암’의 치료를 직접적인 목적으로 ‘표적항암약물허가치료’를 받은 경우 (다만, 최초 1회에 한하여 지급)","최초계약의 최초 계약일로부터 1년 미만 : 이 특약 보험가입금액의 50% 최초계약의 최초 계약일로부터 1년 이후, 갱신계약 : 이 특약 보험가입금액의 100%"
182,29,온라인 암보험 무배당 항암 정위방사선치료특약(갱신형),"피보험자가 이 특약의 보험기간 중 암보장개시일 이후에 ‘암’, ‘기타피부암’ 또는 ‘갑상선암’으로 진단확정 되고 그 ‘암’, ‘기타피부암’ 또는 ‘갑상선암’의 치료를 직접적인 목적으로 ‘항암정위방사선치료’를 받은 경우(다만, 최초 1회에 한하여 지급)","최초계약의 최초 계약일로부터 1년 미만 : 이 특약 보험가입금액의 50% 최초계약의 최초 계약일로부터 1년 이후, 갱신계약 : 이 특약 보험가입금액의 100%"
183,29,온라인 암보험 무배당 고액암진단특약 [해약환급금이 없는 유형],"피보험자가 보험기간 중 ‘암보장개시일’ 이후에 ‘고액암’으로 진단확정된 경우 (다만, 최초 1회에 한하여 지급)",최초 계약일로부터 2년 미만 : 이 특약 보험가입금액의 50% 최초 계약일로부터 2년 이후 : 이 특약 보험가입금액의 100%
184,30,암진단보험금,"피보험자가 보험기간 중 ‘암보장개시일’ 이후에 ‘암’으로 진단확정된 경우 (다만, 최초 1회에 한하여 지급)","최초계약의 최초 계약일로부터 2년 미만 : 보험가입금액의 50% / 최초계약의 최초 계약일로부터 2년 이후, 갱신계약 : 보험가입금액의 100% (다만, ‘여성유방암’ 및 ‘전립선암’의 경우 최초계약의 최초 계약일로부터 2년 미만 : 이 특약 보험가입금액의 10% / 최초계약의 최초 계약일로부터 2년 이후, 갱신계약 : 이 특약 보험가입금액의 20%)"
185,30,암진단보험금,"피보험자가 보험기간 중 ‘기타피부암’, ‘갑상선암’(‘중증갑상선암’ 제외), ‘대장점막내암’, ‘비침습방광암’, ‘제자리암’ 또는 ‘경계성종양’으로 진단확정된 경우 (다만, 각각 최초 1회에 한하여 지급)","최초계약의 최초 계약일로부터 2년 미만 : 보험가입금액의 5% / 최초계약의 최초 계약일로부터 2년 이후, 갱신계약 : 보험가입금액의 10%"
186,30,온라인 암보험 무배당 항암약물·방사선치료특약 [기본형],"피보험자가 이 특약의 보험기간 중 암보장개시일 이후에 ‘암’으로 진단 확정되고 그 ‘암’의 치료를 직접적인 목적으로 ‘항암약물치료’ 또는 ‘항암방사선치료’를 받았거나, 이 특약의 보험기간 중 ‘기타피부암’, ‘갑상선암(중증갑상선암 제외)’, ‘대장점막내암’, ‘비침습방광암’, ‘제자리암’ 또는 ‘경계성종양’으로 진단확정 되고 그 ‘기타피부암’, ‘갑상선암(중증갑상선암 제외)’, ‘대장점막내암’, ‘비침습방광암’, ‘제자리암’ 또는 ‘경계성종양’의 치료를 직접적인 목적으로 ‘항암약물치료’ 또는 ‘항암방사선치료’를 받은 경우 (다만, 각각 최초 1회의 치료에 한하여 지급)","암 : 이 특약 보험가입금액의 100% 기타피부암, 갑상선암(중증갑상선암 제외), 대장점막내암, 비침습방광암, 제자리암, 경계성종양 : 이 특약 보험가입금액의 20%"
187,30,온라인 암보험 무배당 표적항암약물허가치료특약(갱신형),"피보험자가 이 특약의 보험기간 중 암보장개시일 이후에 ‘암’으로 진단 확정되거나, 이 특약의 보험기간 중 ‘기타피부암’, ‘갑상선암(중증갑상선암 제외)’, ‘대장점막내암’ 또는 ‘비침습방광암’으로 진단 확정 되고 그 ‘암’, ‘기타피부암’, ‘갑상선암(중증갑상선암 제외)’, ‘대장점막내암’ 또는 ‘비침습방광암’의 치료를 직접적인 목적으로 ‘표적항암약물허가치료’를 받은 경우 (다만, 최초 1회에 한하여 지급)","최초계약의 최초 계약일로부터 1년 미만 : 이 특약 보험가입금액의 50% 최초계약의 최초 계약일로부터 1년 이후, 갱신계약 : 이 특약 보험가입금액의 100%"
188,30,온라인 암보험 무배당 항암 정위방사선치료특약(갱신형),"피보험자가 이 특약의 보험기간 중 암보장개시일 이후에 ‘암’, ‘기타피부암’ 또는 ‘갑상선암’으로 진단확정 되고 그 ‘암’, ‘기타피부암’ 또는 ‘갑상선암’의 치료를 직접적인 목적으로 ‘항암정위방사선치료’를 받은 경우(다만, 최초 1회에 한하여 지급)","최초계약의 최초 계약일로부터 1년 미만 : 이 특약 보험가입금액의 50% 최초계약의 최초 계약일로부터 1년 이후, 갱신계약 : 이 특약 보험가입금액의 100%"
189,30,온라인 암보험 무배당 고액암진단특약 [기본형],"피보험자가 보험기간 중 ‘암보장개시일’ 이후에 ‘고액암’으로 진단확정된 경우 (다만, 최초 1회에 한하여 지급)",최초 계약일로부터 2년 미만 : 이 특약 보험가입금액의 50% 최초 계약일로부터 2년 이후 : 이 특약 보험가입금액의 100%
190,31,주요암진단보험금,"피보험자가 보험기간 중 ‘주요암보장개시일’이후에 ‘주요암’으로 진단 확정되었을 경우(다만, 최초 1회에 한하여 지급)",계약일로부터 1년 미만 : 보험가입금액의 50% 계약일로부터 1년 이후 : 보험가입금액
191,32,사망보험금,보험기간 중 피보험자가 사망하였을 때,100만원
192,32,(무)소액치료비암진단특약,"이 특약의 보험기간 중 피보험자가 보장개시일 이후에 소액암으로 진단이 확정되었을 때(다만, 소액암 각각 최초 1회한)",200만원(1년 미만 50% 삭감)
193,32,(무)유방암 및 남녀생식기관련암 진단특약,"이 특약의 보험기간 중 피보험자가 암보장개시일 이후에 '유방암 또는 남녀생식기관련암'으로 진단이 확정되었을 때(다만, 최초 1회한)","1,000만원(1년 미만 50% 삭감)"
194,32,(무)일반암진단특약,"이 특약의 보험기간 중 피보험자가 암보장개시일 이후에 일반암으로 진단이 확정되었을 때(다만, 최초1회한)","1,000만원(1년 미만 50% 삭감)"
195,32,(무)표적항암약물치료특약Ⅱ(갱신형),"이 특약의 보험기간 중 피보험자가 보장개시일(암의 경우 암보장개시일) 이후에 암, 기타피부암, 갑상선암, 대장점막내암 또는 비침습 방광암으로 진단 확정되고, 이 특약의 보험기간 중 그 암, 기타피부암, 갑상선암, 대장점막내암 또는 비침습 방광암의 직접적인 치료를 목적으로 표적항암약물허가치료를 받았을 때(다만, 최초 1회한)","1,000만원(1년 미만 50% 삭감)"
196,33,사망보험금,보험기간 중 피보험자가 사망하였을 때,100만원
197,33,(무)소액치료비암진단특약,"이 특약의 보험기간 중 피보험자가 보장개시일 이후에 소액암으로 진단이 확정되었을 때(다만, 소액암 각각 최초 1회한)",200만원(1년 미만 50% 삭감)
198,33,(무)유방암 및 남녀생식기관련암 진단특약,"이 특약의 보험기간 중 피보험자가 암보장개시일 이후에 '유방암 또는 남녀생식기관련암'으로 진단이 확정되었을 때(다만, 최초 1회한)","1,000만원(1년 미만 50% 삭감)"
199,33,(무)일반암진단특약,"이 특약의 보험기간 중 피보험자가 암보장개시일 이후에 일반암으로 진단이 확정되었을 때(다만, 최초1회한)","1,000만원(1년 미만 50% 삭감)"
200,33,(무)표적항암약물치료특약Ⅱ(갱신형),"이 특약의 보험기간 중 피보험자가 보장개시일(암의 경우 암보장개시일) 이후에 암, 기타피부암, 갑상선암, 대장점막내암 또는 비침습 방광암으로 진단 확정되고, 이 특약의 보험기간 중 그 암, 기타피부암, 갑상선암, 대장점막내암 또는 비침습 방광암의 직접적인 치료를 목적으로 표적항암약물허가치료를 받았을 때(다만, 최초 1회한)","1,000만원(1년 미만 50% 삭감)"
201,34,암진단보험금Ⅰ,"보험기간 중 피보험자가 암보장개시일 이후에 특정3대암으로 진단이 확정되었을 때(다만, 최초 1회한)","1,000만원(2년 미만 50% 삭감)"
202,34,암진단보험금Ⅱ,"보험기간 중 피보험자가 암보장개시일 이후에 '유방암 또는 남녀생식기관련암' 이외의 암으로 진단이 확정되었을 때(다만, 최초 1회한)",800만원(2년 미만 50% 삭감)
203,34,암진단보험금Ⅲ,"보험기간 중 피보험자가 암보장개시일 이후에 암으로 진단이 확정되었을 때(다만, 최초 1회한)",200만원(2년 미만 50% 삭감)
204,34,소액암진단보험금,"보험기간 중 피보험자가 보장개시일 이후에 소액암으로 진단이 확정되었을 때(다만, 소액암 각각 최초 1회한)",100만원(2년 미만 50% 삭감)
205,35,암진단보험금Ⅰ,"보험기간 중 피보험자가 암보장개시일 이후에 특정3대암으로 진단이 확정되었을 때(다만, 최초 1회한)","1,000만원(2년 미만 50% 삭감)"
206,35,암진단보험금Ⅱ,"보험기간 중 피보험자가 암보장개시일 이후에 '유방암 또는 남녀생식기관련암' 이외의 암으로 진단이 확정되었을 때(다만, 최초 1회한)",800만원(2년 미만 50% 삭감)
207,35,암진단보험금Ⅲ,"보험기간 중 피보험자가 암보장개시일 이후에 암으로 진단이 확정되었을 때(다만, 최초 1회한)",200만원(2년 미만 50% 삭감)
208,35,소액암진단보험금,"보험기간 중 피보험자가 보장개시일 이후에 소액암으로 진단이 확정되었을 때(다만, 소액암 각각 최초 1회한)",100만원(2년 미만 50% 삭감)
209,36,암진단보험금Ⅰ,"보험기간 중 피보험자가 암보장개시일 이후에 특정3대암으로 진단이 확정되었을 때(다만, 최초 1회한)","1,000만원(2년 미만 50% 삭감)"
210,36,암진단보험금Ⅱ,"보험기간 중 피보험자가 암보장개시일 이후에 '유방암 또는 남녀생식기관련암' 이외의 암으로 진단이 확정되었을 때(다만, 최초 1회한)",800만원(2년 미만 50% 삭감)
211,36,암진단보험금Ⅲ,"보험기간 중 피보험자가 암보장개시일 이후에 암으로 진단이 확정되었을 때(다만, 최초 1회한)",200만원(2년 미만 50% 삭감)
212,36,소액암진단보험금,"보험기간 중 피보험자가 보장개시일 이후에 소액암으로 진단이 확정되었을 때(다만, 소액암 각각 최초 1회한)",100만원(2년 미만 50% 삭감)
213,37,건강관리자금,보험기간 중 피보험자가 계약일로부터 20년이 되는 계약해당일까지 생존시,이미 납입한 보험료의 100%
214,37,암진단보험금Ⅰ,"보험기간 중 피보험자가 암보장개시일 이후에 특정3대암으로 진단이 확정되었을 때(다만, 최초1회한)","6,000만원(1년 미만 50% 삭감)"
215,37,암진단보험금Ⅱ,"보험기간 중 피보험자가 암보장개시일 이후에 ""유방암 또는 남녀생식기관련암"" 이외의 암으로 진단이 확정되었을 때(다만, 최초1회한)","3,600만원(1년 미만 50% 삭감)"
216,37,암진단보험금Ⅲ,"보험기간 중 피보험자가 암보장개시일 이후에 암으로 진단이 확정되었을 때(다만, 최초1회한)","2,400만원(1년 미만 50% 삭감)"
217,37,소액암 진단보험금,"보험기간 중 피보험자가 보장개시일 이후에 소액암으로 진단이 확정되었을 때(다만, 소액암 각각 최초1회한)",600만원(1년 미만 50% 삭감)
218,38,암 진단자금,"암보장개시일 이후 암(기타피부암, 특정갑상선암, 대장점막내암, 경계성종양, 제자리암 제외) 진단확정시(최초1회한) ※ 최초계약의 경우 암 진단자금 중 계약일로부터1년 미만 ‘유방암’ 이외의 ‘암’ 진단시 지급사유 발생시 해당 보험금의 50% 지급. 또한 ‘유방암’의 경우 최초계약일로부터 180일 이내 진단시 해당 보험금 의 20%, 1년미만 진단시 해당 보험금의 50% 지급. ※ 계약일로부터 1년 미만 및 180일 경과이전의 보험금 감액과 관련된 사항은 갱신계약의 경우에는 적용하지 않습니다.","3,000만원"
219,38,소액암 진단자금,"보험기간 중 피보험자가 기타피부암, 제자리암, 대장점막내암, 경계성종양, 특정갑상선암으로 진단이 확정되었을 때(각 최초1회한) ※ 최초계약의 경우 1년미만 지급사유 발생 시 해당 보험금의 50% 지급",600만원
220,38,특정3대암 진단자금,보험기간 중 피보험자가 암 보장개시일 이후에 특정3대암으로 진단이 확정되었을 때(최초1회한) ※ 특정3대암: 백혈병？뇌암？림프절/골수관련암 ※ 최초계약의 경우 1년미만 지급사유 발생 시 해당 보험금의 50% 지급,"3,000만원"
221,38,(무)항암약물치료보장특약Ⅱ(갱신형)(O),"암보장개시일 이후에 암, 보장개시일 이후 대장점막내암, 기타피부암, 제자리암, 경계성종양, 갑상선암으로 진단이 확정되고, 그 암 또는 대장점막내암, 기타피부암, 제자리암, 경계성종양, 갑상선암의 직접적인 치료를 목적으로 항암약물치료를 받았을 때(각 최초1회한)","암, 대장점막내암 200만원(기타피부암, 제자리암, 경계성종양, 갑상선암의 경우 40만원)"
222,38,(무)항암방사선치료보장특약Ⅱ(갱신형)(O),"보험기간 중 피보험자가 암 보장개시일 이후에 암, 보장개시일 이후에 대장점막내암, 기타피부암, 제자리암, 경계성종양, 갑상선암으로 진단이 확정되고, 그 암 또는 대장점막내암, 기타피부암, 제자리암, 경계성종양, 갑상선암의 직접적인 치료를 목적으로 항암방사선치료를 받았을 때(각 최초1회한)","암, 대장점막내암 200만원(기타피부암, 제자리암, 경계성종양, 갑상선암의 경우 40만원)"
223,38,(무)특정항암호르몬약물허가치료보장특약Ⅱ(갱신형)(O),"암 보장개시일 이후 암 또는 보장개시일 이후 대장점막내암으로 진단 확정되고, 그 암 또는 대장점막내암의 직접적인 치료를 목적으로 특정항암호르몬약물허가치료를 받았을 때(최초1회한)",100만원
224,38,(무)항암양성자방사선치료보장특약Ⅱ(갱신형)(O),"암 보장개시일 이후 암 또는 보장개시일 이후 기타피부암, 갑상선암, 대장점막내암으로 진단 확정되고, 그 암 또는 기타피부암, 갑상선암, 대장점막내암의 직접적인 치료를 목적으로 항암양성자방사선치료를 받았을 때(최초1회한)","1,000만원"
225,39,암진단자금,"암보장개시일 이후에 ""중대한암"" 으로 진단확정시 [다만, 계약일로부터 1년 미만 유방암 발생시 25% 지급](최초1회한)","6,000만원"
226,39,고액암진단자금,암보장개시일 이후에 고액암 진단확정시(최초 1회한),"6,000만원"
227,39,소액암진단자금,"소액치료비 관련암, 제자리암 또는 경계성종양으로 진단확정시(각 최초 1회한)",600만원
228,39,일시생활자금(중도생존급부금),피보험자가 계약일로부터 20년이 지난 시점 계약해당일에 살아있을 때,이미 납입한 보험료의 100%
229,40,암진단비,암보장개시일 이후에 고액치료비관련 암 또는 고액치료비관련 암 이외의 암으로 진다확정 되었을 때(각각 최초 1회한),"고액치료비관련 암: 5,000만원 / 고액치료비관련 암 이외의 암 : 1,000만원(1년미만 50%, 유방암의 경우 계약일로부터 180일 경과 이전에 진단확정시에는 10% 지급)"
230,40,기타피부암 진단비,기타피부암으로 진단확정 되었을 때(최초1회한),200만원(1년미만 50%)
231,40,갑상선암 진단비,갑상선암으로 진단확정 되었을 때(최초1회한),200만원(1년미만 50%)
232,40,제자리암 진단비,제자리암으로 진단확정 되었을 때(최초1회한),200만원(1년미만 50%)
233,40,경계성종양 진단비,경계성종양으로 진단확정 되었을 때(최초1회한),200만원(1년미만 50%)
234,40,(무)방사선항암약물치료특약A2,"'기타피부암 또는 갑상선암'으로 진단확정 되거나 암보장개시일 이후에 '암'으로 진단확정되고, 그 질병의 직접적인 치료를 목적으로 '항암방사선치료'를 받았을 때(각각 최초1회한) ※이외 보장담보는 상품요약서 참조","암: 100만원, 기타피부암 또는 갑상선암 : 20만원"
235,40,(무)표적항암약물허가치료특약(갱신형),"기타피부암 또는 갑상선암으로 진단확정되거나 암보장개시일 이후에 암으로 진단 확정되고, 그 질병의 직접적인 치료를 목적으로 ""표적항암약물허가치료""를 받았을 때(최초1회한)","최초계약의 계약일로부터 1년이상: 1,000만원 / 최초계약의 계약일로부터 1년미만 : 500만원"
236,40,(무)암(소액암제외)진단비특약A2,암보장개시일 이후에 암으로 진단확정되었을 때(최초1회한),"보험가입금액(1년미만 50%, 유방암의 경우 180일 이내 10% 지급)"
237,40,(무)특정면역항암약물허가치료특약(갱신형),"기타피부암 또는 갑상선암으로 진단확정되거나 암보장개시일 이후에 암으로 진단 확정되고, 그 질병의 직접적인 치료를 목적으로 ""특정면역항암약물허가치료""를 받았을 때(최초1회한)","최초계약의 계약일로부터 1년이상: 1,000만원 / 최초계약의 계약일로부터 1년미만 : 500만원"
238,41,암진단비,암보장개시일 이후에 고액치료비관련 암 또는 고액치료비관련 암 이외의 암으로 진다확정 되었을 때(각각 최초 1회한),"고액치료비관련 암: 5,000만원 / 고액치료비관련 암 이외의 암 : 1,000만원(1년미만 50%, 유방암의 경우 계약일로부터 180일 경과 이전에 진단확정시에는 10% 지급)"
239,41,기타피부암 진단비,기타피부암으로 진단확정 되었을 때(최초1회한),200만원(1년미만 50%)
240,41,갑상선암 진단비,갑상선암으로 진단확정 되었을 때(최초1회한),200만원(1년미만 50%)
241,41,제자리암 진단비,제자리암으로 진단확정 되었을 때(최초1회한),200만원(1년미만 50%)
242,41,경계성종양 진단비,경계성종양으로 진단확정 되었을 때(최초1회한),200만원(1년미만 50%)
243,41,(무)방사선항암약물치료특약A2,"'기타피부암 또는 갑상선암'으로 진단확정 되거나 암보장개시일 이후에 '암'으로 진단확정되고, 그 질병의 직접적인 치료를 목적으로 '항암방사선치료'를 받았을 때(각각 최초1회한) ※이외 보장담보는 상품요약서 참조","암: 100만원, 기타피부암 또는 갑상선암 : 20만원"
244,41,(무)표적항암약물허가치료특약(갱신형),"기타피부암 또는 갑상선암으로 진단확정되거나 암보장개시일 이후에 암으로 진단 확정되고, 그 질병의 직접적인 치료를 목적으로 ""표적항암약물허가치료""를 받았을 때(최초1회한)","최초계약의 계약일로부터 1년이상: 1,000만원 / 최초계약의 계약일로부터 1년미만 : 500만원"
245,41,(무)암(소액암제외)진단비특약A2,암보장개시일 이후에 암으로 진단확정되었을 때(최초1회한),"보험가입금액(1년미만 50%, 유방암의 경우 180일 이내 10% 지급)"
246,41,(무)특정면역항암약물허가치료특약(갱신형),"기타피부암 또는 갑상선암으로 진단확정되거나 암보장개시일 이후에 암으로 진단 확정되고, 그 질병의 직접적인 치료를 목적으로 ""특정면역항암약물허가치료""를 받았을 때(최초1회한)","최초계약의 계약일로부터 1년이상: 1,000만원 / 최초계약의 계약일로부터 1년미만 : 500만원"
247,42,암진단 보험금,"피보험자가 보험기간 중 암보장개시일 이후에“암”(다만, “유방암 또는 남녀생식기관련암”, “기타피부암”, “중증 이외 갑상선암”및“대장점막내암”제외)으로 진단확정되었을 때 (다만, 최초 1회에 한함)","3,000만원"
248,42,무배당 360 3대특정암진단특약(갱신형),"피보험자가 보험기간 중 암보장개시 일 이후에“유방암, 남녀생식기관련 암 또는 대장점막내암”으로 진단 확정되었을 때 (최초 1회에 한하여 지급","최초계약의 계약일부터 1년 이상 : 3,000만원, 최초계약의 계약일부터 1년 미만 : 1,500만원"
249,42,무배당 360 소액암진단특약(갱신형),"피보험자가 보험기간 중 “기타피부 암”, “중증 이외 갑상선암”, “제자리암” 또는“경계성종양”으 로 진단확정되었을 때 (다만, 각각 최초 1회에 한하여 지급)","최초계약의 계약일부터 1 년 이상 : 600만원, 최초계약의 계약일부터 1 년 미만 : 300만원"
250,42,무배당 360 위암및식도암진단특약(갱신형),피보험자가 보험기간 중 암보장개시일 이후에“위암 및 식도암”으로 진단 확정되었을 때 (최초 1회에 한하여 지급),"최초계약의 계약일부터 1년 이상 : 3,000만원 최초계약의 계약일부터 1년 미만 : 1,500만원"
251,42,무배당 360 폐암및후두암진단특약(갱신형),피보험자가 보험기간 중 암보장개시일 이후에“폐암 및 후두암”으로 진단 확정되었을 때 (최초 1회에 한하여 지급),"최초계약의 계약일부터 1년 이상 : 3,000만원 최초계약의 계약일부터 1년 미만 : 1,500만원"
252,43,간암 및 췌장암 진단보험금,피보험자가 보험기간 중 암보장개시일 이후에“간암 및 췌장암”으로 진단 확정되었을 때 (최초 1회에 한하여 지급),500만원
253,44,폐암및후두암진단보험금,피보험자가 보험기간 중 암보장개시일 이후에“폐암 및 후두암”으로 진단 확정되었을 때 (최초 1회에 한하여 지급),500만원
254,45,위암및식도암진단보험금,피보험자가 보험기간 중 암보장개시일 이후에“위암 및 식도암”으로 진단 확정되었을 때 (최초 1회에 한하여 지급),500만원
255,46,대장암및소장암진단보험금,피보험자가 보험기간 중 암보장개시일 이후에“대장암 및 소장암”으로 진단 확정되었을 때 (최초 1회에 한하여 지급),500만원
256,47,암진단 급여금,"피보험자가 보험기간 중 “암보장개시일” 이후에 “주요암”으로 진단확정 되었을 경우 [다만, 최초 1 회에 한함]","3,000만원"
257,47,무배당 특정암진단특약W(갱신형)(2종 간편심사형),"피보험자가 이 특약의 보험기간 중 “암보장개시일” 이 후에 “특정암”으로 진단확정 되었을 때 (다만, 최초 1회 의 진단확정에 한함)","1년 이상: 1,000만원 1년 미만: 500만원"
258,47,무배당 소액암진단특약W(갱신형)(2종 간편심사형),"피보험자가 이 특약의 보험기간 중 보장개시일 이후에 “기타피부암”, “중증갑상선암” 이외의 “갑상선암”, “경 계성종양”, “제자리암” 또는 “대장점막내암”으로 진단 확정 되었을 때 (다만, 각각 최초 1회의 진단확정에 한 함)","1년 이상: 1,000만원 1년 미만: 500만원"
259,47,무배당 암진단생활자금특약W(갱신형)(2종 간편심사형),"피보험자가 보험기간 중 “암보장개시일” 이후에 “주요암”으로 진단확정된 경우 진단확정일부터 36개월동안 매월 지급사유 발생해당일에 암진 단 생활자금을 확정 지급 (다만, 최초 1회의 진 단확정에 한함)",매월 20만원
260,48,암진단 급여금,"피보험자가 보험기간 중 “암보장개시일” 이후에 “주요암”으로 진단확정 되었을 경우 [다만, 최초 1 회에 한함]","3,000만원"
261,48,무배당 특정암진단특약W(갱신형)(1종 일반심사형),"피보험자가 이 특약의 보험기간 중 “암보장개시일” 이 후에 “특정암”으로 진단확정 되었을 때 (다만, 최초 1회 의 진단확정에 한함)","1년 이상: 1,000만원 1년 미만: 500만원"
262,48,무배당 소액암진단특약W(갱신형)(1종 일반심사형),"피보험자가 이 특약의 보험기간 중 보장개시일 이후에 “기타피부암”, “중증갑상선암” 이외의 “갑상선암”, “경 계성종양”, “제자리암” 또는 “대장점막내암”으로 진단 확정 되었을 때 (다만, 각각 최초 1회의 진단확정에 한 함)","1년 이상: 1,000만원 1년 미만: 500만원"
263,48,무배당 암진단생활자금특약W(갱신형)(1종 일반심사형),"피보험자가 보험기간 중 “암보장개시일” 이후에 “주요암”으로 진단확정된 경우 진단확정일부터 36개월동안 매월 지급사유 발생해당일에 암진 단 생활자금을 확정 지급 (다만, 최초 1회의 진 단확정에 한함)",매월 20만원
264,48,무배당 항암방사선ㆍ약물치료특약W(갱신형)(1종 일반심사형),"피보험자가 이 특약의 보험기간 중 “암보장개시일” 이후에 “암”으로 진단이 확정되고, 그 “암”의 직접적인 치료를 목 적으로 “항암방사선치료”를 받았을 때 [다만, 최초 1회에 한함] *이외 보장담보는 상품요약서 참조",50만원
265,49,암진단 보험금,"피보험자가 보험기간 중 “암보장개시 일” 이후에 “암”으로 진단확정 되었을 때 [다만, 각각 최초 1회에 한함]","고액암 : 6,000만원(1년 이상) : 3,000만원(1년 미만) 암(유방암, 여성생식기암 및 고액암 제외) : 3,000만원(1년 이상) : 1,500만원(1년 미만) 유방암 : 1,500만원(1년 이상) : 750만원(1년 미만) 여성생식기암 : 1,500만원(1년 이상) : 750만원(1년 미만)"
266,49,암진단 보험금,"피보험자가 보험기간 중 “기타피부 암”, “제자리암”, “경계성종양”, “중증갑 상선암” 이외의 “갑상선암” 및 “대장 점막내암”으로 진단확정 되었을 때 [다만, 각각 최초 1회에 한함]",기타피부암 : 300만원(1년 이상) : 150만원(1년 미만) 제자리암 : 300만원(1년 이상) : 150만원(1년 미만) 경계성종양 : 300만원(1년 이상) : 150만원(1년 미만) 중증 이외의 갑상선암 : 300만원(1년 이상) : 150만원(1년 미만) 대장점막내암 : 300만원(1년 이상) : 150만원(1년 미만)
267,50,암진단 보험금,"피보험자가 보험기간 중 “암보장개시 일” 이후에 “암”으로 진단확정 되었을 때 [다만, 각각 최초 1회에 한함]","고액암 : 6,000만원(1년 이상) : 3,000만원(1년 미만) 암(유방암, 여성생식기암 및 고액암 제외) : 3,000만원(1년 이상) : 1,500만원(1년 미만) 유방암 : 1,500만원(1년 이상) : 750만원(1년 미만) 여성생식기암 : 1,500만원(1년 이상) : 750만원(1년 미만)"
268,50,암진단 보험금,"피보험자가 보험기간 중 “기타피부 암”, “제자리암”, “경계성종양”, “중증갑 상선암” 이외의 “갑상선암” 및 “대장 점막내암”으로 진단확정 되었을 때 [다만, 각각 최초 1회에 한함]",기타피부암 : 300만원(1년 이상) : 150만원(1년 미만) 제자리암 : 300만원(1년 이상) : 150만원(1년 미만) 경계성종양 : 300만원(1년 이상) : 150만원(1년 미만) 중증 이외의 갑상선암 : 300만원(1년 이상) : 150만원(1년 미만) 대장점막내암 : 300만원(1년 이상) : 150만원(1년 미만)
269,51,암진단 보험금,"피보험자가 보험기간 중 “암보장개시 일” 이후에 “암”으로 진단확정 되었을 때 [다만, 각각 최초 1회에 한함]","고액암 : 6,000만원(1년 이상) : 3,000만원(1년 미만) 유방암, 남녀생식기암 및 고액암 제외한 암 : 3,000만원(1년 이상) : 1,500만원(1년 미만) 유방암 : 600만원(1년 이상) : 300만원(1년 미만) 남녀생식기암 : 600만원(1년 이상) : 300만원(1년 미만)"
270,51,암진단 보험금,"피보험자가 보험기간 중 “기타피부 암”, “제자리암”, “경계성종양”, “중증갑 상선암” 이외의 “갑상선암” 및 “대장 점막내암”으로 진단확정 되었을 때 [다만, 각각 최초 1회에 한함]",기타피부암 : 600만원(1년 이상) : 300만원(1년 미만) 제자리암 : 600만원(1년 이상) : 300만원(1년 미만) 경계성종양 : 600만원(1년 이상) : 300만원(1년 미만) 중증갑상선암 이외의 갑상선암 : 600만원(1년 이상) : 300만원(1년 미만) 대장점막내암 : 600만원(1년 이상) : 300만원(년 미만)
271,52,암진단 보험금,"피보험자가 보험기간 중 “암보장개시 일” 이후에 “암”으로 진단확정 되었을 때 [다만, 각각 최초 1회에 한함]","고액암 : 6,000만원(1년 이상) : 3,000만원(1년 미만) 유방암, 남녀생식기암 및 고액암 제외한 암 : 3,000만원(1년 이상) : 1,500만원(1년 미만) 유방암 : 600만원(1년 이상) : 300만원(1년 미만) 남녀생식기암 : 600만원(1년 이상) : 300만원(1년 미만)"
272,52,암진단 보험금,"피보험자가 보험기간 중 “기타피부 암”, “제자리암”, “경계성종양”, “중증갑 상선암” 이외의 “갑상선암” 및 “대장 점막내암”으로 진단확정 되었을 때 [다만, 각각 최초 1회에 한함]",기타피부암 : 600만원(1년 이상) : 300만원(1년 미만) 제자리암 : 600만원(1년 이상) : 300만원(1년 미만) 경계성종양 : 600만원(1년 이상) : 300만원(1년 미만) 중증갑상선암 이외의 갑상선암 : 600만원(1년 이상) : 300만원(1년 미만) 대장점막내암 : 600만원(1년 이상) : 300만원(1년 미만)
273,53,암진단 보험금,"피보험자가 보험기간 중 “암보장개시 일” 이후에 “암”으로 진단확정 되었을 때 [다만, 각각 최초 1회에 한함]","고액암 : 6,000만원(1년 이상) : 3,000만원(1년 미만) 유방암, 남녀생식기암 및 고액암 제외한 암 : 3,000만원(1년 이상) : 1,500만원(1년 미만) 유방암 : 600만원(1년 이상) : 300만원(1년 미만) 남녀생식기암 : 600만원(1년 이상) : 300만원(1년 미만)"
274,53,암진단 보험금,"피보험자가 보험기간 중 “기타피부 암”, “제자리암”, “경계성종양”, “중증갑 상선암” 이외의 “갑상선암” 및 “대장 점막내암”으로 진단확정 되었을 때 [다만, 각각 최초 1회에 한함]",기타피부암 : 600만원(1년 이상) : 300만원(1년 미만) 제자리암 : 600만원(1년 이상) : 300만원(1년 미만) 경계성종양 : 600만원(1년 이상) : 300만원(1년 미만) 중증갑상선암 이외의 갑상선암 : 600만원(1년 이상) : 300만원(1년 미만) 대장점막내암 : 600만원(1년 이상) : 300만원(년 미만)
275,54,암진단 보험금,"피보험자가 보험기간 중 “암보장개시 일” 이후에 “암”으로 진단확정 되었을 때 [다만, 각각 최초 1회에 한함]","고액암 : 6,000만원(1년 이상) : 3,000만원(1년 미만) 유방암, 남녀생식기암 및 고액암 제외한 암 : 3,000만원(1년 이상) : 1,500만원(1년 미만) 유방암 : 600만원(1년 이상) : 300만원(1년 미만) 남녀생식기암 : 600만원(1년 이상) : 300만원(1년 미만)"
276,54,암진단 보험금,"피보험자가 보험기간 중 “기타피부 암”, “제자리암”, “경계성종양”, “중증갑 상선암” 이외의 “갑상선암” 및 “대장 점막내암”으로 진단확정 되었을 때 [다만, 각각 최초 1회에 한함]",기타피부암 : 600만원(1년 이상) : 300만원(1년 미만) 제자리암 : 600만원(1년 이상) : 300만원(1년 미만) 경계성종양 : 600만원(1년 이상) : 300만원(1년 미만) 중증갑상선암 이외의 갑상선암 : 600만원(1년 이상) : 300만원(1년 미만) 대장점막내암 : 600만원(1년 이상) : 300만원(1년 미만)
277,55,암진단급여금,"보험기간 중 피보험자가 “암” 및 “중증 갑상선암” 보장개시일 이 후에 “「여성유방암 및 전립선암」 이외의 암” 또는 “중증 갑상선 암”으로 진단확정 되었을 때 (다 만, 최초 1회의 진단확정에 한함)","보험가입금액의 100% (다만, 계약일부터 1년 미만에 지급사유가 발생한 경우 “보험가입금액의 50%”를 지급함)"
278,55,여성유방암 진단급여금,"보험기간 중 피보험자가 “암” 및 “중증 갑상선암” 보장개시일 이 후 “여성유방암”으로 진단확정 되었을 때 (다만, 최초 1회의 진 단확정에 한함)","보험가입금액의 30% (다만, 계약일부터 1년 미만에 지급사유가 발생한 경우 “보험가입금액의 15%”를 지급함)"
279,55,전립선암 진단급여금,"보험기간 중 피보험자가 “암” 및 “중증 갑상선암” 보장개시일 이 후 “전립선암”으로 진단확정 되 었을 때 (다만, 최초 1회의 진단 확정에 한함)","보험가입금액의 30% (다만, 계약일부터 1년 미만에 지급사유가 발생한 경우 “보험가입금액의 15%”를 지급함)"
280,55,소액암 진단급여금,"보험기간 중 피보험자가 보장개 시일 이후에 “기타피부암”, “중증 이외 갑상선암”, “제자리암”, “경 계성종양”, “대장점막내암”, “비 침습방광암”으로 진단확정 되었 을 때 (다만, 각각 최초1회의 진 단확정에 한함)","보험가입금액의 10% (다만, 계약일부터 1년 미만에 지급사유가 발생한 경우 “보험가입금액의 5%”를 지급함)"
281,55,신한SOL암보험 암사망특약(무배당),"특약보험기간 중 피보험자가 보장개시일(“암” 및 “중증 갑상선암”의 경우 “암” 및 “중증 갑상선암” 보장개시일) 이후에 “암”, “기타피부암”, “갑상선암”, “대장점막내암” 또는 “비침습방광암”으로 진단확정 되고, 특약보험기간 중 그 “암”, “기타피부암”, “갑 상선암”, “대장점막내암” 또는 “비침습방광암”을 직 접적인 원인으로 사망하였을 때",3000만원
282,56,암진단급여금,"보험기간 중 피보험자가 “암” 및 “중증 갑상선암” 보장개시일 이 후에 “「여성유방암 및 전립선암」 이외의 암” 또는 “중증 갑상선 암”으로 진단확정 되었을 때 (다 만, 최초 1회의 진단확정에 한함)","보험가입금액의 100% (다만, 계약일부터 1년 미만에 지급사유가 발생한 경우 “보험가입금액의 50%”를 지급함)"
283,56,여성유방암 진단급여금,"보험기간 중 피보험자가 “암” 및 “중증 갑상선암” 보장개시일 이 후 “여성유방암”으로 진단확정 되었을 때 (다만, 최초 1회의 진 단확정에 한함)","보험가입금액의 30% (다만, 계약일부터 1년 미만에 지급사유가 발생한 경우 “보험가입금액의 15%”를 지급함)"
284,56,전립선암 진단급여금,"보험기간 중 피보험자가 “암” 및 “중증 갑상선암” 보장개시일 이 후 “전립선암”으로 진단확정 되 었을 때 (다만, 최초 1회의 진단 확정에 한함)","보험가입금액의 30% (다만, 계약일부터 1년 미만에 지급사유가 발생한 경우 “보험가입금액의 15%”를 지급함)"
285,56,소액암 진단급여금,"보험기간 중 피보험자가 보장개 시일 이후에 “기타피부암”, “중증 이외 갑상선암”, “제자리암”, “경 계성종양”, “대장점막내암”, “비 침습방광암”으로 진단확정 되었 을 때 (다만, 각각 최초1회의 진 단확정에 한함)","보험가입금액의 10% (다만, 계약일부터 1년 미만에 지급사유가 발생한 경우 “보험가입금액의 5%”를 지급함)"
286,56,"신한SOL암보험 암사망특약 (무배당, 해약환급금 미지급형)","특약보험기간 중 피보험자가 보장개시일(“암” 및 “중증 갑상선암”의 경우 “암” 및 “중증 갑상선암” 보장개시일) 이후에 “암”, “기타피부암”, “갑상선암”, “대장점막내암” 또는 “비침습방광암”으로 진단확정 되고, 특약보험기간 중 그 “암”, “기타피부암”, “갑 상선암”, “대장점막내암” 또는 “비침습방광암”을 직 접적인 원인으로 사망하였을 때",특약보험가입금액의 100%
287,57,암진단급여금,"보험기간 중 피보험자가 보장개시일 이후에 “「여성유방암 및 전립선암」 이외의 암” 또는 “중증 갑상선암”으로 진단확정 되었을 때 (다만, 최초 1회의 진단확정에 한함)",보험가입금액의 100%
288,57,여성유방암진단급여금,"보험기간 중 피보험자가 보장개시일 이후에 “여성유방암”으로 진단확정 되었을 때 (다만, 최초 1회의 진단확정에 한함)",보험가입금액의 30%
289,57,전립선암진단급여금,"보험기간 중 피보험자가 보장개시일 이후에 “전립선암”으로 진단확정 되었을 때 (다만, 최초 1회의 진단확정에 한함)",보험가입금액의 30%
290,57,소액암 진단급여금,"보험기간 중 피보험자가 보장개시일 이후에 “기타피부암”, “중증 이외 갑상선암”, “제자리암”, “경계성종양”, “대장점막내암”, “비침습방광암”으로 진단확정 되었을 때 (다만, 각각 최초1회의 진단확정에 한함)",보험가입금액의 10%
291,57,"바로암직접치료특약C(무배당, 갱신형)","특약보험기간 중 피보험자가 보장개시일 이후에 “암”, “대장점막내암” 또는 “비침습방광암”으로 진단확정 되고, 그 “암”, “대장점막내암” 또는 “비침습방광암”의 직접적인 치료를 목적으로 특약보험기간 중 “항암방사선치료”를 받았을 때 (다만, 최초 1회에 한함) * 이외 보장담보는 상품요약서 참조",특약보험가입금액의 10% * 이외 보장담보는 상품요약서 참조
292,57,"바로암직접치료통원플러스특약C(무배당, 갱신형)","특약보험기간 중 피보험자가 보장개시일 이후에 「암, 대장점막내암 또는 비침습방광암」으로 진단확정 되고, 그 「암, 대장점막내암 또는 비침습방광암」의 직접적인 치료를 목적으로 특약보험기간 중 통원하였을 때 (통원 1회당, 1일 1회에 한함) * 이외 보장담보는 상품요약서 참조",특약보험가입금액의 1% * 이외 보장담보는 상품요약서 참조
293,57,"바로암사망특약C(무배당, 갱신형)","특약보험기간 중 피보험자가 보장개시일 이후에 “암”, “기타피부암”, “갑상선암”, “대장점막내암” 또는 “비침습방광암”으로 진단확정 되고, 그 “암”, “기타피부암”, “갑상선암”, “대장점막내암” 또는 “비침습방광암”을 직접적인 원인으로 특약보험기간 중 사망하였을 때",특약보험가입금액의 100%
294,57,"바로진심을품은일반암진단특약C(무배당, 갱신형)","특약보험기간 중 피보험자가 보장개시일 이후에 “「여성유방암 및 전립선암」 이외의 암” 또는 “중증 갑상선암”으로 진단 확정 되었을 때 (다만, 최초 1회의 진단확정에 한함)",올페이 대상계약 총 보험료
295,58,암진단급여금,"보험기간 중 피보험자가 “암” 및 “중증 갑상선암” 보장개시일 이후에 “「여성유방암 및 전립선암」 이외의 암” 또는 “중증 갑상선암”으로 진단확정 되었을 때 (다만, 최초 1회의 진단확정에 한함)","보험가입금액의 100% (다만, 최초계약의 계약일부터 1년 미만에 지급사유가 발생한 경우 “보험가입금액의 50%”를 지급함)"
296,58,여성유방암진단급여금,"보험기간 중 피보험자가 “암” 및 “중증 갑상선암” 보장개시일 이후에 “여성유방암”으로 진단확정 되었을 때 (다만, 최초 1회의 진단확정에 한함)","보험가입금액의 30% (다만, 최초계약의 계약일부터 1년 미만에 지급사유가 발생한 경우 “보험가입금액의 6%”를 지급함)"
297,58,전립선암진단급여금,"보험기간 중 피보험자가 “암” 및 “중증 갑상선암” 보장개시일 이후에 “전립선암”으로 진단확정 되었을 때 (다만, 최초 1회의 진단확정에 한함)","보험가입금액의 30% (다만, 최초계약의 계약일부터 1년 미만에 지급사유가 발생한 경우 “보험가입금액의 6%”를 지급함)"
298,58,소액암 진단급여금,"보험기간 중 피보험자가 보장개시일 이후에 “기타피부암”, “중증 이외 갑상선암”, “제자리암”, “경계성종양”, “대장점막내암”, “비침습방광암”으로 진단확정 되었을 때 (다만, 각각 최초1회의 진단확정에 한함)","보험가입금액의 10% (다만, 최초계약의 계약일부터 1년 미만에 지급사유가 발생한 경우 “보험가입금액의 5%”를 지급함)"
299,58,"(간편)항암약물치료특약(무배당, 갱신형)","특약보험기간 중 피보험자가 보장개시일(암의 경우 암보장개시일) 이후에 “암”, “대장점막내암” 또는 “비침습방광암”으로 진단확정 되고, 그 “암”, “대장점막내암” 또는 “비침습방광암”의 직접적인 치료를 목적으로 특약보험기간 중 “항암약물치료”를 받았을 때 (다만, 최초 1회에 한함) ※ 이외 보장담보는 상품요약서 참조","특약보험가입금액의 10% (다만, 최초계약의 계약일부터 1년 미만에 지급사유가 발생한 경우 “특약보험가입금액의 5%”를 지급함)"
300,58,"(간편)항암방사선치료특약(무배당, 갱신형)","특약보험기간 중 피보험자가 보장개시일(암의 경우 암보장개시일) 이후에 “암”, “대장점막내암” 또는 “비침습방광암”으로 진단확정 되고, 그 “암”, “대장점막내암” 또는 “비침습방광암”의 직접적인 치료를 목적으로 특약보험기간 중 “항암방사선치료”를 받았을 때 (다만, 최초 1회에 한함) ※ 이외 보장담보는 상품요약서 참조","특약보험가입금액의 10% (다만, 최초계약의 계약일부터 1년 미만에 지급사유가 발생한 경우 “특약보험가입금액의 5%”를 지급함)"
301,58,"(간편)암주요치료비특약(무배당, 갱신형)","특약보험기간 중 피보험자가 보장개시일(“암”의 경우 암보장개시일) 이후에 「암, 대장점막내암 또는 비침습방광암」으로 최초 진단확정 되고, “암, 대장점막내암 및 비침습방광암 보험금 지급기간” 이내에 「암, 대장점막내암 또는 비침습방광암」의 직접적인 치료를 목적으로 “암, 대장점막내암 및 비침습방광암 주요치료”를 받았을 때 [다만, 최초 진단확정일로부터 「암, 대장점막내암 또는 비침습방광암」의 주요치료를 합하여 최대 10년간, 연간 1회에 한하여 지급함(최대 10회지급)] ※ 이외 보장담보는 상품요약서 참조",특약보험가입금액의 100%
302,58,"(간편)[기본]일반암진단특약(무배당, 갱신형)","특약보험기간 중 피보험자가 “암” 및 “중증 갑상선암” 보장개시일 이후에 “「여성유방암 및 전립선암」 이외의 암”또는 “중증 갑상선암”으로 진단확정 되었을 때 (다만, 최초 1회의 진단확정에 한함)","특약보험가입금액의 100% (다만, 최초계약의 계약일부터 1년 미만에 지급사유가 발생한 경우 특약보험가입금액의 50%를 지급함)"
303,59,주된암 생활자금,보험기간 중 피보험자가 암보장개시일 이후에 최초로 '주된암'으로 진단확정 되었을 경우,특이사항 참고
304,59,무배당 간편가입 더보장 암진단특약Ⅱ(갱신형),더보장 암진단보험금,특이사항 참고
305,60,주된암 생활자금,보험기간 중 피보험자가 암보장개시일 이후에 최초로 '주된암'으로 진단확정 되었을 경우,특이사항 참고
306,60,무배당 더보장 암진단특약Ⅱ(갱신형),더보장 암진단보험금,특이사항 참고
307,61,주된암 생활비,"보험기간 중 피보험자가 암보장개시일 이후에 최초로 ""주된암""으로 진단확정되고 진단확정일부터 5년동안 매년 진단확정 해당일에 생존하였을 경우",매월 100만원 (최대60회)
308,61,완치축하금,"보험기간 중 피보험자가 암보장개시일 이후에 최초로 ""주된암""으로 진단확정되고 진단확정일부터 5년이 되는 진단확정 해당일에 생존하였을 경우","1,200만원 (최대 1회)"
309,61,무배당 더보장 암진단특약(갱신형),더보장 암진단보험금,특이사항 참고
310,61,무배당 암사망특약(갱신형),"암사망보험금 : 보험기간 중 피보험자가 암보장개시일 이후에 “암”으로 진단이 확정되고, 보험기간 중 피보험자가 그 “암”으로 인하여 사망하였을 경우 또는 보험기간 중 피보험자가 보장개시일 이후에 「“기타피부암”, “갑상선암” 또는 “대장점막내암”」으로 진단이 확정되고, 보험기간 중 피보험자가 그 「“기타피부암”, “갑상선암” 또는 “대장점막내암”」 으로 인하여 사망하였을 경우","2,000만원"
311,61,무배당 암진단특약(갱신형),특이사항 참고,특이사항 참고
312,62,일반암 진단자금,"피보험자가 보험기간 중 암보장개시일 이후에 일반암으로 진단확정된 경우(계약일부터 1 년미만 진단확정시 50%지급, 최초 1 회 한함)","1,000 만원"
313,62,위암 진단자금,"피보험자가 보험기간 중 암보장개시일 이후에 위암으로 진단확정된 경우(계약일부터 1 년미만 진단확정시 50%지급, 최초 1 회 한함)","1,000 만원"
314,62,대장암 진단자금,"피보험자가 보험기간 중 암보장개시일 이후에 대장암으로 진단확정된 경우(계약일부터 1 년미만 진단확정시 50%지급, 최초 1 회 한함)","1,000 만원"
315,62,폐암 진단자금,"피보험자가 보험기간 중 암보장개시일 이후에 폐암으로 진단확정된 경우(계약일부터 1 년미만 진단확정시 50%지급, 최초 1 회 한함)","1,000 만원"
316,62,간암 진단자금,"피보험자가 보험기간 중 암보장개시일 이후에 간암으로 진단확정된 경우(계약일부터 1 년미만 진단확정시 50%지급, 최초 1 회 한함)","1,000 만원"
317,63,'고액암' 진단보험금,"피보험자가 보험기간 중 암보장개시일 이후에 '고액암'으로 진단확정 되었을 경우 (다만, 1회의 진단확정에 한함)","최초계약(2년 초과) 및 갱신계약 : 1,000만 원 최초계약(2년 이내) : 500만 원"
318,63,'「유방암 또는 '전립선암」 이외의 암' 진단보험금,"피보험자가 보험기간 중 암보장개시일 이후에 '「유방암 또는 전립선암」 이외의 암'으로 진단확정 되었을 경우 (다만, 1회의 진단확정에 한함)","최초계약(2년 초과) 및 갱신계약 : 1,000만 원 최초계약(2년 이내) : 500만 원 '유방암 또는 전립선암' 진단확정이 있는 경우, '유방암 또는 전립선암' 진단보험금을 차감 후 지급"
319,63,'유방암 또는 전립선암' 진단보험금,"피보험자가 보험기간 중 암보장개시일 이후에 '유방암 또는 전립선암' 으로 진단확정 되었을 경우 (다만, 1회의 진단확정에 한함)","최초계약(2년 초과) 및 갱신계약 : 200만 원 최초계약(2년 이내) : 100만 원 '「유방암 또는 전립선암」 이외의 암' 진단확정이 있는 경우, 지급금액 없음"
320,63,기타피부암 진단보험금,"피보험자가 보험기간 중 보장개시일 이후에 '기타피부암'으로 진단확정 되었을 경우 (다만, 최초 1회의 진단확정에 한함)",최초계약(2년 초과) 및 갱신계약 : 100만 원 최초계약(2년 이내) : 50만 원
321,63,갑상선암 진단보험금,"피보험자가 보험기간 중 보장개시일 이후에 '갑상선암'으로 진단확정 되었을 경우 (다만, 최초 1회의 진단확정에 한함)",최초계약(2년 초과) 및 갱신계약 : 100만 원 최초계약(2년 이내) : 50만 원
322,63,제자리암 진단보험금,"피보험자가 보험기간 중 보장개시일 이후에 '제자리암'으로 진단확정 되었을 경우 (다만, 최초 1회의 진단확정에 한함)",최초계약(2년 초과) 및 갱신계약 : 100만 원 최초계약(2년 이내) : 50만 원
323,63,경계성종양 진단보험금,"피보험자가 보험기간 중 보장개시일 이후에 '경계성종양'으로 진단확정 되었을 경우 (다만, 최초 1회의 진단확정에 한함)",최초계약(2년 초과) 및 갱신계약 : 100만 원 최초계약(2년 이내) : 50만 원
324,64,암진단자금,"보험기간 중 피보험자가 암보장개시일 이후에 “고액암”으로 진단확정 되었을 경우 (단, 최초 1회에 한함)","4,000만원 (단, 최초계약의 계약일부터 2년미만에 지급사유 발생 시 상기금액의 50%지급)"
325,64,암진단자금,"보험기간 중 피보험자가 암보장개시일 이후에 “초기 이외의 갑상선암” 또는 ""갑상선암, 유방암 이외의 암"" 으로 진단확정 되었을 경우 (단, 최초 1회에 한함)","- “[갑상선암, 유방암] 이외의 암”으로 진단 확정 되었을 경우: 4,000만원, - “초기 이외 갑상선 암”으로 진단확정 되었을 경우: 3,600만원, (단, 최초계약의 계약 일부터 2년미만에 지급 사유 발생 시 상기금액 의 50%지급)"
326,64,암진단자금,"보험기간 중 피보험자가 암보장개시일 이후에 “유방암”으로 진단확정 되었을 경우 (단, 최초 1회에 한함)","2,000만원 (단, 최초계약의 계약 일부터 2년미만에 지급 사유 발생 시 상기금액 의 50%지급)"
327,64,소액 진단자금,"보험기간 중 피보험자가 보장개시일 이후에 “기타피부암, 갑상선암, 경계성종양, 제자리암 또는 대장점막내암”으로 진단확정 되었을 경우 (단, 각각 최초 1회에 한함)","400만원 (단, 최초계약의 계약일부터 2년미만에 지급사유 발생 시 상기금액의 50%지급)"
328,64,만기지급금,보험기간이 끝나는 날까지 피보험자가 살아있을 경우,200만원
329,64,ZERO 나를위한 추가암진단특약 무배당/갱신형,"보험기간 중 피보험자가 암보장개시일 이후에 “초기 갑상선암, 유방암 및 전립선암 이외의 암”으로 진단확정 되었을 경우(단, 최초 1회에 한함)","1,000만원 (단, 최초계약의 계약일부터 2년미만에 지급사유 발생 시 상기금액의 50%지급)"
330,64,보험료납입면제특약_3형(암진단형Ⅱ),"특약보험기간 중 피보험자가 암보장개시일 이후에 “초기 갑상선암, 유방암 이외의 암”으로 진단확정 되었을 경우","주계약의 기본보험료, 주계약에 부가된 특약의 기본보험료 및 이 특약의 보험료"
331,65,암 진단급여금,"보험기간 중 피보험자가 암보장개시일 이후에 “암”으로 진단확정 되었을 경우 (단, 최초 1회에 한함)","3,000만원 (단, 최초계약의 계약일부터 2년미만에 지급사유 발생 시 상기금액의 50%지급)"
332,65,소액 진단급여금,"보험기간 중 피보험자가 보장개시일 이후에 “기타피부암”, “중증 이외 갑상선암”, “제자리암”, “경계성종양” 또는 “대장점막내암” 으로 진단확정 되었을 경우 (단, 각각 최초 1회에 한함)","300만원 (단, 최초계약의 계약일부터 2년미만에 지급사유 발생 시 상기금액의 50%지급)"
333,65,특정암진단특약Ⅱ(T) 무배당/갱신형,"특약보험기간 중 피보험자가 암보장개시일 이후에 “특정암”으로 진단확정 되었을 경우 (단, 최초 1회에 한함)","3,000만원 (단, 최초계약의 계약일부터 2년미만에 지급사유 발생 시 상기금액의 50%지급)"
334,65,항암방사선약물치료특약(T) 무배당/갱신형,"특약보험기간 중 피보험자가 암보장개시일 이후에 “암”으로 진단확정되고 그 “암”에 대해 “암의 직접적인 항암방사선치료”를 받았을 경우 (단, 최초 1회에 한함) ※ 이외 보장담보는 상품요약서 참조","100만원 (단, 최초계약의 계약일부터 2년미만에 지급사유 발생 시 상기금액의 50%지급)"
335,65,표적항암약물허가치료특약(T) 무배당/갱신형,"특약보험기간 중 피보험자가 암보장개시일(단, “기타피부암”, “갑상선암”의 경우 보장개시일) 이후에 “암”, “기타피부암” 또는 “갑상선암”으로 진단확정되고 그 “암”, “기타피부암” 또는 “갑상선암”의 직접적인 치료를 목적으로 “표적항암약물허가치료”를 받았을 경우 (단, 최초 1회에 한함)","1,000만원 (단, 최초계약의 계약일부터 2년미만에 지급사유 발생 시 상기금액의 50%지급)"
336,65,암수술특약Ⅲ(T) 무배당/갱신형,"특약보험기간 중 피보험자가 암보장개시일 이후에 “암”으로 진단확정되고 그 “암”에 대해 “암의 직접적인 치료 수술”을 받았을 경우 (단, 최초 1회에 한함) ※ 이외 보장담보는 상품요약서 참조","1,000만원 (단, 최초계약의 계약일부터 2년미만에 지급사유 발생 시 상기금액의 50%지급)"
337,66,암 진단급여금,"보험기간 중 피보험자가 암보장개시일 이후에 “암”으로 진단확정 되었을 경우 (단, 최초 1회에 한함)","3,000만원 (단, 최초계약의 계약일부터 2년미만에 지급사유 발생 시 상기금액의 50%지급)"
338,66,소액 진단급여금,"보험기간 중 피보험자가 보장개시일 이후에 “기타피부암”, “중증 이외 갑상선암”, “제자리암”, “경계성종양” 또는 “대장점막내암” 으로 진단확정 되었을 경우 (단, 각각 최초 1회에 한함)","300만원 (단, 최초계약의 계약일부터 2년미만에 지급사유 발생 시 상기금액의 50%지급)"
339,66,특정암진단특약Ⅱ(T) 간편가입 무배당/갱신형,"특약보험기간 중 피보험자가 암보장개시일 이후에 “특정암”으로 진단확정 되었을 경우 (단, 최초 1회에 한함)","2,000만원 (단, 최초계약의 계약일부터 2년미만에 지급사유 발생 시 상기금액의 50%지급)"
340,66,항암방사선약물치료특약(T) 간편가입 무배당/갱신형,"특약보험기간 중 피보험자가 암보장개시일 이후에 “암”으로 진단확정되고 그 “암”에 대해 “암의 직접적인 항암방사선치료”를 받았을 경우 (단, 최초 1회에 한함) ※ 이외 보장담보는 상품요약서 참조","100만원 (단, 최초계약의 계약일부터 2년미만에 지급사유 발생 시 상기금액의 50%지급)"
341,66,표적항암약물허가치료특약(T) 간편가입 무배당/갱신형,"특약보험기간 중 피보험자가 암보장개시일(단, “기타피부암”, “갑상선암”의 경우 보장개시일) 이후에 “암”, “기타피부암” 또는 “갑상선암”으로 진단확정되고 그 “암”, “기타피부암” 또는 “갑상선암”의 직접적인 치료를 목적으로 “표적항암약물허가치료”를 받았을 경우 (단, 최초 1회에 한함)","1,000만원 (단, 최초계약의 계약일부터 2년미만에 지급사유 발생 시 상기금액의 50%지급)"
342,66,암수술특약Ⅲ(T) 간편가입 무배당/갱신형,"특약보험기간 중 피보험자가 암보장개시일 이후에 “암”으로 진단확정되고 그 “암”에 대해 “암의 직접적인 치료 수술”을 받았을 경우 (단, 최초 1회에 한함) ※ 이외 보장담보는 상품요약서 참조","500만원 (단, 최초계약의 계약일부터 2년미만에 지급사유 발생 시 상기금액의 50%지급)"
343,67,암치료보험금,"피보험자가 보험기간 중 암보장개시일 이후에 ""암""으로 진단확정 되었을 때(단, 최초1회에 한하여 지급함)","3,000만원(단, 보험계약일로부터 1년이 지난 보험계약해당일 전일 이전에 지급사유가 발생하였을 경우에는 상기금액의 50%를 지급)"
344,67,갑상선암/기타피부암/제자리암(상피내암)/경계성종양 치료보험금,"피보험자가 보험기간 중 보장개시일 이후에 ""갑상선암"",""기타피부암"",""제자리암(상피내암)"" 또는 ""경계성종양으로 진단확정 되었을 때(단, 각각 최초 1회에 한하여 지급함)","600만원(단, 보험계약일로부터 1년이 지난 보험계약해당일 전일 이전에 지급사유가 발생하였을 경우에는 상기금액의 50%를 지급)"
345,67,무배당 7 대고액암진단특약(갱신형),"피보험자가 보험기간 중 암보장개시일 이후에 ""7대 고액암""으로 진단확정 되었을 때(단, 최초1회에 한하여 지급함)","3,000만원(단, 보험계약일로부터 1년이 지난 보험계약해당일 전일 이전에 지급사유가 발생하였을 경우에는 상기금액의 50%를 지급)"
346,67,무배당갑상선암기타피부암직접치료특약(갱신형),"피보험자가 보험기간 중 암보장개시일 이후에 ""기타피부암"" 또는 ""갑상선암""으로 최초 진단확정 되고, ""기타피부암"" 또는 ""갑상선암""으로 최초 진단확정된 날(최초 진단 확정일)부터 이후 매1년마다 도래하는 진단확정일(매년 진단확정일)의 전일까지, ""기타피부암"" 또는 ""갑상선암""의 직접적인 치료를 목적으로 ""암 수술"", ""항암약물치료"", ""항암방사선치료"" 중 어느 하나의 치료를 받았을 때(단,최초 진단확정일로부터 최대 5년간, 매년 1회한도(최대5회))","매년(매회) 200만원 (단, 보험계약일로부터 1년이 지난 보험계약해당일 전일 이전에 :기타피부암"" 또는 ""갑상선암""으로 진단확정 된 경우 상기금액의 50%를 지급)"
347,67,무배당암직접치료특약(갱신형),"피보험자가 보험기간 중 암보장개시일 이후에 ""암""으로 최초 진단확정 되고, ""암""으로 최초 진단확정된 날(최초 진단 확정일)부터 이후 매1년마다 도래하는 진단확정일(매년 진단확정일)의 전일까지, ""암""의 직접적인 치료를 목적으로 ""암 수술"", ""항암약물치료"", ""항암방사선치료"" 중 어느 하나의 치료를 받았을 때(단,최초 진단확정일로부터 최대 5년간, 매년 1회한도(최대5회))","매년(매회) 1,000만원 (단, 보험계약일로부터 1년이 지난 보험계약해당일 전일 이전에 ""암""으로 진단확정 된 경우 상기금액의 50%를 지급)"
348,67,무배당표적항암약물허가치료특약(갱신형),"피보험자가 보험기간 중 암보장개시일(단, ""기타피부암"", ""갑상선암""의 경우 보장개시일) 이후에 ""암"", ""기타피부암"", 또는 ""갑상선암""으로 진단 확정되고 그 ""암"", ""기타피부암"" 또는 ""갑상선암""의 치료를 목적으로 ""표적항암약물허가치료""를 받았을 때(단, 최초1회에 한하여 지급함)","3,000만원(단, 보험계약일로부터 1년이 지난 보험계약해당일 전일 이전에 지급사유가 발생하였을 경우에는 상기금액의 50%를 지급)"
349,68,암(유방암/전립선암제외)치료보험금,"피보험자가 보험기간 중 “암(유방암/전립선암 제 외)”으로 진단확정 되었을 때 (단, 최초 1회에 한하여 지급함)","1,000만원"
350,68,유방암/전립선암치료보험금,"피보험자가 보험기간 중 “유방암/전립선암”으로 진단확정 되었을 때 (단, 최초 1회에 한하여 지급함)",200만원
351,68,갑상선암치료보험금/기타피부암치료보험금/제자리암(상피내암)치료보험금/경계성종양치료보험금,"피보험자가 보험기간 중 “갑상선암”, “기타피부 암”, “제자리암(상피내암)” 또는 “경계성종양”으로 진단확정 되었을 때(단, 각각 최초 1회에 한하여 지급함)",100만원
352,68,무배당첫날부터암치료보장특약(갱신형),"피보험자가 보험기간 중 “암”, “기타피부암” 또 는 “갑상선암”으로 진단 확정되고, 그 “암”, “기 타피부암” 또는 “갑상선암”의 직접적인 치료를 목적으로 “표적항암약물 허가치료”를 받았을 때 (단, 연간 1회에 한하여 지급함) *이외 보장담보는 상품요약서 참조","1,000만원 (단, 보험계약일부터 1년 이 지난 보험계약해당일 전일 이전에 지급사유가 발생하였을 경우에는 상기 금액의 50%를 지급)"
353,68,무배당첫날부터카티항암약물허가치료특약(갱신형),"피보험자가 보험기간 중 “카티항암약물허가치료 적 응증”으로 진단 확정되고 그 “카티항암약물허가치 료 적응증”의 치료를 목적으로 “카티항암약물허가 치료”를 받았을 때 (단, 연간 1회에 한하여 지급함)","5,000만원"
354,68,무배당계속받는암보장특약 II(갱신형),"피보험자가 보험기간 중 재진단암보장개시일 이후 에 “재진단암(기타피부암, 갑상선암 및 전립선암 제외)”으로 진단확정 되었을 때","1,000만원"
355,69,암(유방암/전립선암제외)치료보험금,"피보험자가 보험기간 중 암보장개시 일 이후에 “암(유방암/전립선암 제외)”으로 진단확정 되었을 때 (단, 최초 1회에 한하여 지급함)","3,000만원 (단, 보험계약일로부터 2년이 지난 보험계 약해당일 전일 이전에 지급사유가 발생하 였을 경우에는 상기금액의 50%를 지급)"
356,69,무배당라이나초간편소액암진단특약(갱신형),"피보험자가 보험기간 중 보장 개시일 이후에 “갑상선암”, “기 타피부암”, “제자리암(상피내 암)” 또는 “경계성종양”으로 진 단확정 되었을 때 (단, 각각 최초 1회에 한하여 지급함) *이외 보장담보는 상품요약서 참조","600만원(단, 보험계약일로부터 2년이 지난 보험계 약해당일 전일 이전에 지급사유가 발생하 였을 경우에는 상기금액의 50%를 지급)"
357,69,무배당라이나초간편갑상선암기타피부암직접치료특약(갱신형),"피보험자가 보험기간 중 “기타피부암” 또는 “갑 상선암”으로 최초 진단확정 되고, “기타피부암” 또는 “갑상선암”으로 최초 진단확정된 날(최초 진단 확정일)부터 이후 매 1년마다 도래하는 진단 확정일(매년 진단확정일)의 전일까지, “기타피부암” 또는 “갑상선암”의 직접적인 치 료를 목적으로 “암 수술”, “항암약물치료”, “항암방사선치료” 중 어느 하나의 치료를 받았을 때 (단, 최초 진단확정일부터 최대 5년간, 매년 1회한 도(최대5회))","매년(매회) 200만원 (단, 보험계약일부터 2년 이 지난 보험계약해당일 전일 이전에 “기타피부 암” 또는 “갑상선암”으 로 진단확정된 경우 상기 금액의 50%를 지급)"
358,69,무배당라이나초간편암직접치료특약(갱신형),"피보험자가 보험기간 중 암보장개시일 이후에 “암”으로 최초 진단확정 되고, “암”으로 최 초 진단확정된 날(최초 진단 확정일)부터 이후 매 1년마다 도래하는 진단확정일(매년 진단확정 일)의 전일까지, “암”의 직접적인 치료를 목적으로 “암 수 술”, “항암약물치료”, “항암방사선치료” 중 어느 하나의 치료를 받았을 때 (단, 최초 진단확정일부터 최대 5년간, 매년 1회 한도(최대5회))","매년(매회) 1,000만원 (단, 보험계약일부터 2년 이 지난 보험계약해당일 전일 이전에 “암”으로 진단확정된 경우 상기 금 액의 50%를 지급)"
359,69,무배당라이나초간편표적항암약물허가치료특약(갱신형),"피보험자가 보험기간 중 암보장개시일(단, “기타 피부암”, “갑상선암”의 경우 보장개시일) 이후 에 “암”, “기타피부암” 또는 “갑상선암”으로 진단 확정되고 그 “암”, “기타피부암” 또는 “갑상선암”의 치료를 목적으로 “표적항암약물허 가치료”를 받았을 때 (단, 최초 1회에 한하여 지급함)","3,000만원 (단, 보험계약일부터 2년이 지난 보험계약 해당일 전일 이전에 지급사유가 발생하였 을 경우에는 상기 금 액의 50%를 지급)"
360,70,암(유방암/전립선암 제외) 치료보험금,"피보험자가 보험기간 중 암보장개시일 이후에 “암(유방암/전립선암 제외)”으로 진단확정 되었을 때 (단, 최초 1회에 한하여 지급함)","3,000만원 (단, 보험계약일로부터 1년이 지난 보험계약해당일 전일 이전에 지급사유가 발생하였을 경우에는 상기금액의 50%를 지급)"
361,70,유방암/전립선암 치료보험금,"피보험자가 보험기간 중 암보장개시일 이후에 “유방암/전립선암”으로 진단확정 되었을 때 (단, 최초 1회에 한하여 지급함)","600만원 (단, 보험계약일로부터 1년이 지난 보험계약해당일 전일 이전에 지급사유가 발생하였을 경우에는 상기금액의 50%를 지급)"
362,70,갑상선암 치료보험금•기타피부암 치료보험금•제자리암(상피내암) 치료보험금•경계성종양 치료보험금,"피보험자가 보험기간 중 보장개시일 이후에 “갑상선암”, “기타피부암”, “제자리암(상피내 암)” 또는 “경계성종양”으로 진단확정 되었을 때(단, 각각 최초 1회에 한하여 지급함)","300만원 (단, 보험계약일로부터 1년이 지난 보험계약해당일 전일 이전에 지급사유가 발생하였을 경우에는 상기금액의 50%를 지급)"
363,70,무배당 실버고액암치료특약(갱신형),"피보험자가 보험기간 중 암보장개시일 이후에 “고액암”으로 진단확 정 되었을 때(단, 최초 1회에 한하 여 지급함)","3,000만원 (단, 보험계약일부터 1년이 지난 보험계약해 당일 전일 이전에 지급사유가 발생하였을 경 우에는 상기금액의 50%를 지급"
364,70,무배당 실버급성심근경색증특약(갱신형),"피보험자가 보험기간 중 급성심근경색증으로 진단확정 되었을 때 (다만, 최초 1회에 한하 여 지급함)","3,000만원 (다만, 보험계약일부터 2년이 지난 보험계 약해당일 전일 이전에 지급사유가 발생하 였을 경우에는 상기금액의 50%를 지급)"
365,70,무배당 실버뇌출혈특약(갱신형),"피보험자가 보험기간 중 뇌출혈로 진단확정 되었을 때 (다만, 최초 1회에 한하여 지급함) 최초계약 3,000만원 (다만, 보험계약일부터 2년이 지난 보험계 약해당일 전일 이전에 지급사유가 발생하 였을 경우에는 상기금액의 50%를 지급)","3,000만원 (다만, 보험계약일부터 2년이 지난 보험계 약해당일 전일 이전에 지급사유가 발생하 였을 경우에는 상기금액의 50%를 지급)"
366,70,무배당 실버특정암치료특약(갱신형),"피보험자가 보험기간 중 암보장개시일 이후에 “특정암”으로 진단확 정 되었을 때(단, 최초 1회에 한하 여 지급함)","3,000만원 (단, 보험계약일부터 1년이 지난 보험계약해 당일 전일 이전에 지급사유가 발생하였을 경 우에는 상기금액의 50%를 지급"
367,71,암치료보험금,"피보험자가 보험기간 중 암보장개시일 이후에 “암”으로 진단확정 되었을 때 (단, 최초 1회에 한하여 지급함)","3,000만원 (단, 보험계약일로부터 1년이 지난 보 험계약해당일 전일 이전에 지급사유가 발생하였을 경우에는 상기금액의 50% 를 지급)"
368,71,소액암치료보험금,"피보험자가 보험기간 중 “소액암”으 로 진단확정 되었을 때 (단, “갑상선암”, “기타피부암”, “제자리암(상피내암)” 또는 “경계성 종양” 각각 최초 1회에 한하여 지급함","600만원 (단, 보험계약일로부터 1년이 지난 보 험계약해당일 전일 이전에 지급사유가 발생하였을 경우에는 상기금액의 50% 를 지급)"
369,71,암항암방사선치료보험금,"피보험자가 보험기간 중 암보장개시일 이후에 “암”으로 진단확정 되고 그 치료를 직접적인 목적으로 항암방사선 치료를 받았을 때 (단, 최초 1회에 한하여 지급함)","500만원 (단, 보험계약일로부터 1년이 지난 보 험계약해당일 전일 이전에 지급사유가 발생하였을 경우에는 상기금액의 50% 를 지급)"
370,71,기타피부암/갑상선암항암방사선치료보험금,"피보험자가 보험기간 중 “기타피부 암” 또는 “갑상선암”으로 진단확정 되고 그 치료를 직접적인 목적으로 항 암방사선 치료를 받았을 때 (단, 각각 최초 1회에 한하여 지급함)","100만원 (단, 보험계약일로부터 1년이 지난 보 험계약해당일 전일 이전에 지급사유가 발생하였을 경우에는 상기금액의 50% 를 지급)"
371,71,암항암약물치료보험금,"피보험자가 보험기간 중 암보장개시일 이후에 “암”으로 진단확정 되고 그 치료를 직접적인 목적으로 항암약물 치 료를 받았을 때 (단, 최초 1회에 한하여 지급함)","500만원 (단, 보험계약일로부터 1년이 지난 보 험계약해당일 전일 이전에 지급사유가 발생하였을 경우에는 상기금액의 50% 를 지급)"
372,71,기타피부암/갑상선암항암약물치료보험금,"피보험자가 보험기간 중 “기타피부 암” 또는 “갑상선암”으로 진단확정 되고 그 치료를 직접적인 목적으로 항 암약물 치료를 받았을 때 (단, 각각 최초 1회에 한하여 지급함)","100만원 (단, 보험계약일로부터 1년이 지난 보 험계약해당일 전일 이전에 지급사유가 발생하였을 경우에는 상기금액의 50% 를 지급)"
373,71,표적항암약물허가치료보험금,"피보험자가 보험기간 중 암보장개시일 (단, “기타피부암”, “갑상선암”의 경우 보장개시일) 이후에 “암”, “기 타피부암” 또는 “갑상선암”으로 진 단 확정되고 그 “암”, “기타피부 암” 또는 “갑상선암”의 치료를 목적 으로 “표적항암약물허가치료”를 받았 을 때 (단, 최초 1회에 한하여 지급함)","5,000만원 (단, 보험계약일로부터 1년이 지난 보 험계약해당일 전일 이전에 지급사유가 발생하였을 경우에는 상기금액의 50% 를 지급)"
374,72,암(유방암/전립선암제외)치료보험금,"피보험자가 보험기간 중 암보장개시일 이후에 ""암(유방암/전립선암 제외)""으로 진단확정 되었을 때(단, 최초1회에 한하여 지급함)","3,000만원"
375,72,유방암/전린선암 치료보험금,"피보험자가 보험기간 중 암보장개시일 이후에 ""유방암/전립선암""으로 진단확정 되었을 때(단, 최초1회에 한하여 지급함)",600만원
376,72,갑상선암/기타피부암/제자리암(상피내암)/경계성종양 치료보험금,"피보험자가 보험기간 중 ""갑상선암"",""기타피부암"",""제자리암(상피내암)"" 또는 ""경계성종양으로 진단확정 되엇을 때(단, 각각 최초 1회에 한하여 지급함)",300만원
377,72,무배당뉴스타트 7 대고액암진단특약(갱신형),"피보험자가 보험기간 중 암보장개시일 이후에 ""7대 고액암""으로 진단확정 되었을 때(단, 최초1회에 한하여 지급함)","3,000만원"
378,72,무배당암직접치료특약(갱신형),"피보험자가 보험기간 중 암보장개시일 이후에 ""암""으로 최초 진단확정 되고, ""암""으로 최초 진단확정된 날(최초 진단 확정일)부터 이후 매1년마다 도래하는 진단확정일(매년 진단확정일)의 전일까지, ""암""의 직접적인 치료를 목적으로 ""암 수술"", ""항암약물치료"", ""항암방사선치료"" 중 어느 하나의 치료를 받았을 때(단,최초 진단확정일로부터 최대 5년간, 매년 1회한도(최대5회))","매년(매회) 1,000만원(단, 보험계약일로부터 1년이 지난 보험계약해당일 전일 이전에 ""암""으로 진단확정된 경우 상기 금액의 50%를 지급)"
379,72,무배당갑상선암기타피부암직접치료특약(갱신형),"피보험자가 보험기간 중 ""기타피부암"" 또는 ""갑상선암""으로 최초 진단확정 되고, ""기타피부암"" 또는 ""갑상선암""으로 최초 진단확정된 날(최초 진단 확정일)부터 이후 매1년마다 도래하는 진단확정일(매년 진단확정일)의 전일까지, ""기타피부암"" 또는 ""갑상선암""의 직접적인 치료를 목적으로 ""암 수술"", ""항암약물치료"", ""항암방사선치료"" 중 어느 하나의 치료를 받았을 때(단,최초 진단확정일로부터 최대 5년간, 매년 1회한도(최대5회))","매년(매회) 200만원(단, 보험계약일로부터 1년이 지난 보험계약해당일 전일 이전에 ""기타피부암"" 또는 ""갑상선암""으로 진단확정된 경우 상기 금액의 50%를 지급)"
380,72,무배당표적항암약물허가치료특약(갱신형),"피보험자가 보험기간 중 암보장개시일(단, ""기타피부암"", ""갑상선암""의 경우 보장개시일) 이후에 ""암"", ""기타피부암"", 또는 ""갑상선암""으로 진단 확정되고 그 ""암"", ""기타피부암"" 또는 ""갑상선암""의 치료를 목적으로 ""표적항암약물허가치료""를 받았을 때(단, 최초1회에 한하여 지급함)","3,000만원(단, 보험계약일로부터 1년이 지난 보험계약해당일 전일 이전에 지급사유가 발생하였을 경우에는 상기 금액의 50%를 지급)"
381,73,암치료보험금,"피보험자가 보험기간 중 암보장개시일 이후에 ""암""으로 진단확정 되었을 때(단, 최초1회에 한하여 지급함)","3,000만원"
382,73,갑상선암/기타피부암/제자리암(상피내암)/경계성종양 치료보험금,"피보험자가 보험기간 중 ""갑상선암"",""기타피부암"",""제자리암(상피내암)"" 또는 ""경계성종양으로 진단확정 되엇을 때(단, 각각 최초 1회에 한하여 지급함)",300만원
383,73,무배당뉴스타트 7 대고액암진단특약(갱신형),"피보험자가 보험기간 중 암보장개시일 이후에 ""7대 고액암""으로 진단확정 되었을 때(단, 최초1회에 한하여 지급함)","3,000만원"
384,73,무배당암직접치료특약(갱신형),"피보험자가 보험기간 중 암보장개시일 이후에 ""암""으로 최초 진단확정 되고, ""암""으로 최초 진단확정된 날(최초 진단 확정일)부터 이후 매1년마다 도래하는 진단확정일(매년 진단확정일)의 전일까지, ""암""의 직접적인 치료를 목적으로 ""암 수술"", ""항암약물치료"", ""항암방사선치료"" 중 어느 하나의 치료를 받았을 때(단,최초 진단확정일로부터 최대 5년간, 매년 1회한도(최대5회))","매년(매회) 1,000만원(단, 보험계약일로부터 1년이 지난 보험계약해당일 전일 이전에 ""암""으로 진단확정된 경우 상기 금액의 50%를 지급)"
385,73,무배당갑상선암기타피부암직접치료특약(갱신형),"피보험자가 보험기간 중 ""기타피부암"" 또는 ""갑상선암""으로 최초 진단확정 되고, ""기타피부암"" 또는 ""갑상선암""으로 최초 진단확정된 날(최초 진단 확정일)부터 이후 매1년마다 도래하는 진단확정일(매년 진단확정일)의 전일까지, ""기타피부암"" 또는 ""갑상선암""의 직접적인 치료를 목적으로 ""암 수술"", ""항암약물치료"", ""항암방사선치료"" 중 어느 하나의 치료를 받았을 때(단,최초 진단확정일로부터 최대 5년간, 매년 1회한도(최대5회))","매년(매회) 200만원(단, 보험계약일로부터 1년이 지난 보험계약해당일 전일 이전에 ""기타피부암"" 또는 ""갑상선암""으로 진단확정된 경우 상기 금액의 50%를 지급)"
386,73,무배당표적항암약물허가치료특약(갱신형),"피보험자가 보험기간 중 암보장개시일(단, ""기타피부암"", ""갑상선암""의 경우 보장개시일) 이후에 ""암"", ""기타피부암"", 또는 ""갑상선암""으로 진단 확정되고 그 ""암"", ""기타피부암"" 또는 ""갑상선암""의 치료를 목적으로 ""표적항암약물허가치료""를 받았을 때(단, 최초1회에 한하여 지급함)","3,000만원(단, 보험계약일로부터 1년이 지난 보험계약해당일 전일 이전에 지급사유가 발생하였을 경우에는 상기 금액의 50%를 지급)"
387,74,암(유방암/전립선암제외)치료보험금,"피보험자가 보험기간 중 ""암(유방암/전립선암 제외)""으로 진단확정 되었을 때(단, 최초1회에 한하여 지급함)","3,000만원"
388,74,유방암/전린선암 치료보험금,"피보험자가 보험기간 중 ""유방암/전립선암""으로 진단확정 되었을 때(단, 최초1회에 한하여 지급함)",600만원
389,74,갑상선암/기타피부암/제자리암(상피내암)/경계성종양 치료보험금,"피보험자가 보험기간 중 ""갑상선암"",""기타피부암"",""제자리암(상피내암)"" 또는 ""경계성종양으로 진단확정 되엇을 때(단, 각각 최초 1회에 한하여 지급함)",300만원
390,74,만기지급금,보험기간이 끝날 때까지 살아있을 때,75만원
391,74,무배당첫날부터 7 대고액암진단특약(갱신형),"피보험자가 보험기간 중 ""7대 고액암""으로 진단확정 되었을 때(단, 최초1회에 한하여 지급함)","3,000만원"
392,74,무배당첫날부터암직접치료특약(갱신형),"피보험자가 보험기간 중 ""암""으로 최초 진단확정 되고, ""암""으로 최초 진단확정된 날(최초 진단 확정일)부터 이후 매1년마다 도래하는 진단확정일(매년 진단확정일)의 전일까지, ""암""의 직접적인 치료를 목적으로 ""암 수술"", ""항암약물치료"", ""항암방사선치료"" 중 어느 하나의 치료를 받았을 때(단,최초 진단확정일로부터 최대 5년간, 매년 1회한도(최대5회))","매년(매회) 1,000만원"
393,74,무배당첫날부터갑상선암기타피부암직접치료특약(갱신형),"피보험자가 보험기간 중 ""기타피부암"" 또는 ""갑상선암""으로 최초 진단확정 되고, ""기타피부암"" 또는 ""갑상선암""으로 최초 진단확정된 날(최초 진단 확정일)부터 이후 매1년마다 도래하는 진단확정일(매년 진단확정일)의 전일까지, ""기타피부암"" 또는 ""갑상선암""의 직접적인 치료를 목적으로 ""암 수술"", ""항암약물치료"", ""항암방사선치료"" 중 어느 하나의 치료를 받았을 때(단,최초 진단확정일로부터 최대 5년간, 매년 1회한도(최대5회))",매년(매회) 200만원
394,74,무배당첫날부터표적항암약물허가치료특약(갱신형),"피보험자가 보험기간 중 ""암"", ""기타피부암"", 또는 ""갑상선암""으로 진단 확정되고 그 ""암"", ""기타피부암"" 또는 ""갑상선암""의 치료를 목적으로 ""표적항암약물허가치료""를 받았을 때(단, 최초1회에 한하여 지급함)","3,000만원"
395,75,암치료보험금,"피보험자가 보험기간 중 암보장개시일 이후에 “암”으로 진단확정 되었을 때 (단, 최초 1회에 한하여 지급함)","1,000만원 (단, 보험계약일로부터 1년이 지난 보 험계약해당일 전일 이전에 지급사유가 발생하였을 경우에는 상기금액의 50% 를 지급)"
396,75,소액암치료보험금,"피보험자가 보험기간 중 “소액암”으 로 진단확정 되었을 때 (단, “갑상선암”, “기타피부암”, “제자리암(상피내암)” 또는 “경계성 종양” 각각 최초 1회에 한하여 지급함)","200만원 (단, 보험계약일로부터 1년이 지난 보 험계약해당일 전일 이전에 지급사유가 발생하였을 경우에는 상기금액의 50% 를 지급)"
397,75,암항암방사선치료보험금,"피보험자가 보험기간 중 암보장개시일 이후에 “암”으로 진단확정 되고 그 치료를 직접적인 목적으로 항암방사선 치료를 받았을 때 (단, 최초 1회에 한하여 지급함)","300만원 (단, 보험계약일로부터 1년이 지난 보 험계약해당일 전일 이전에 지급사유가 발생하였을 경우에는 상기금액의 50% 를 지급)"
398,75,기타피부암/갑상선암항암방사선치료보험금,"피보험자가 보험기간 중 “기타피부 암” 또는 “갑상선암”으로 진단확정 되고 그 치료를 직접적인 목적으로 항 암방사선 치료를 받았을 때 (단, 각각 최초 1회에 한하여 지급함)","60만원 (단, 보험계약일로부터 1년이 지난 보 험계약해당일 전일 이전에 지급사유가 발생하였을 경우에는 상기금액의 50% 를 지급)"
399,75,암항암약물치료보험금,"피보험자가 보험기간 중 암보장개시일 이후에 “암”으로 진단확정 되고 그 치료를 직접적인 목적으로 항암약물 치 료를 받았을 때 (단, 최초 1회에 한하여 지급함)","300만원 (단, 보험계약일로부터 1년이 지난 보 험계약해당일 전일 이전에 지급사유가 발생하였을 경우에는 상기금액의 50% 를 지급)"
400,75,기타피부암/갑상선암항암약물치료보험금,"피보험자가 보험기간 중 “기타피부 암” 또는 “갑상선암”으로 진단확정 되고 그 치료를 직접적인 목적으로 항 암약물 치료를 받았을 때 (단, 각각 최초 1회에 한하여 지급함)","60만원 (단, 보험계약일로부터 1년이 지난 보 험계약해당일 전일 이전에 지급사유가 발생하였을 경우에는 상기금액의 50% 를 지급)"
401,75,표적항암약물허가치료보험금,"피보험자가 보험기간 중 암보장개시일 (단, “기타피부암”, “갑상선암”의 경우 보장개시일) 이후에 “암”, “기 타피부암” 또는 “갑상선암”으로 진 단 확정되고 그 “암”, “기타피부 암” 또는 “갑상선암”의 치료를 목적 으로 “표적항암약물허가치료”를 받았 을 때 (단, 최초 1회에 한하여 지급함)","3,000만원 (단, 보험계약일로부터 1년이 지난 보 험계약해당일 전일 이전에 지급사유가 발생하였을 경우에는 상기금액의 50% 를 지급)"
402,76,만기지급금,보험기간이 끝날 때까지 살아있을 때,75만원
403,76,암(유방암/전립 선암 제외) 치료보험금,"피보험자가 보험기간 중 암보장개시일 이후에 “암(유방암/전립선암 제외)”으로 진단확정 되었을 때 (단, 최초1회에 한하여 지급함)","3,000만원"
404,76,유방암/전립선암 치료보험금,"피보험자가 보험기간 중 암보장개시일 이후에 “유방암/전립선암”으로 진단확정 되었을 때 (단, 최초1회에 한하여 지급함)",600만원
405,76,갑상선암 치료보험금•기타피부암 치료보험금 •제자리암 (상피내암) 치료보험금•경계성종양 치료보험금,"피보험자가 보험기간 중 “갑상선암”, “기타피부 암”, “제자리암(상피내암)” 또는 “경계성종양”으로 진단확정 되었을 때(단, 각각 최초 1회에 한하여 지급함)",300만원
406,76,무배당 뉴스타트고액암진단특약(갱신형),"피보험자가 보험기간 중 암보장개시일 이후에 “고액암”으로 진단확정 되었을 때(단, 최초 1회 에 한하여 지급함)","3,000만원"
407,76,무배당 암직접치료특약(갱신형),"피보험자가 보험기간 중 암보장개시일 이후에 “암”으로 최초 진단확정 되고, “암”으로 최초 진단확정된 날(최초 진단 확정일)부터 이후 매 1 년마다 도래하는 진단확정일(매년 진단확정일)의 전일까지, “암”의 직접적인 치료를 목적으로 “암 수술”, “항암약물치료”, “항암방사선치료” 중 어느 하나의 치료를 받았을 때 (단, 최초 진단확정일부터 최대 5년간, 매년 1회한 도(최대5회))","매년(매회) 1,000만원 (단, 보험계약일부터 1년 이 지난 보험계약해당일 전일 이전에 “암”으로 진단확정된 경우 상기 금 액의 50%를 지급"
408,76,무배당 갑상선암•기타피부암직접치료특약(갱신형),"피보험자가 보험기간 중 “기타피부암” 또는 “갑상 선암”으로 최초 진단확정 되고, “기타피부암” 또는 “갑상선암”으로 최초 진단확정된 날(최초 진단 확정 일)부터 이후 매 1 년마다 도래하는 진단확정일(매년 진단확정일)의 전일까지, “기타피부암” 또는 “갑상선암”의 직접적인 치료를 목적으로 “암 수술”, “항암약물치료”, “항암방사 선치료” 중 어느 하나의 치료를 받았을 때 (단, 최초 진단확정일부터 최대 5 년간, 매년 1 회한도 (최대 5 회))","매년(매회) 특약보험가입금액 의 20% (단, 보험계약일부터 1 년이 지난 보험계약해당일 전일 이전에 “기타피부암” 또는 “갑상선암”으로 진단확정 된 경우 상기 금액의 50%를 지급)"
409,76,무배당 표적항암약물허가치료특약(갱신형),"피보험자가 보험기간 중 암보장개시일(단, “기타피 부암”, “갑상선암”의 경우 보장개시일) 이후에 “암”, “기타피부암” 또는 “갑상선암”으로 진단 확정되고 그 “암”, “기타피부암” 또는 “갑상선암”의 치료를 목적으로 “표적항암약물허가치료”를 받았을 때 (단, 최초 1회에 한하여 지급함","3,000만원 (단, 보험계약일부터 1년이 지난 보험계약 해당일 전일 이전에 지급사유가 발생하였 을 경우에는 상기 금 액의 50%를 지급)"
410,77,암(유방암/전립 선암 제외) 치료보험금,"피보험자가 보험기간 중 “암(유방암/전립선암 제 외)”으로 진단확정 되었을 때 (단, 최초 1회에 한하여 지급함)","1,000만원"
411,77,유방암/전립선암 치료보험금,"피보험자가 보험기간 중 “유방암/전립선암”으로 진단확정 되었을 때 (단, 최초 1회에 한하여 지급함)",200만원
412,77,갑상선암 치료보험금•기타피부암 치료보험금 •제자리암 (상피내암) 치료보험금 • 경계성종양 치료보험금,"피보험자가 보험기간 중 “갑상선암”, “기타피부 암”, “제자리암(상피내암)” 또는 “경계성종양”으로 진단확정 되었을 때(단, 각각 최초 1회에 한하여 지급함)",100만원
413,77,무배당 THE 간편한 첫날부터암치료보장특약(갱신형),"피보험자가 보험기간 중 “암”, “기타피부암”, “갑 상선암”, “제자리암(상피내암)” 또는 “경계성종 양”으로 진단 확정되고, 그 “암”, “기타피부암”, “갑상선암”, “제자리암(상피내암)” 또는 “경계성 종양”의 직접적인 치료를 목적으로 “통원”하여 치료를 받았을 때 (단, 통원 1일당 1회에 한하여 지급함) ※ 이외 보장담보는 상품요약서 참조","3만원 (단, 보험계약일부터 1년 이 지난 보험계약해당일 전일 이전에 지급사유가 발생하였을 경우에는 상기 금액의 50%를 지급)"
414,77,무배당 THE 간편한 첫날부터카티항암약물허가치료특약(갱신형),"피보험자가 보험기간 중 “카티항암약물허가치료 적 응증”으로 진단 확정되고 그 “카티항암약물허가치 료 적응증”의 치료를 목적으로 “카티항암약물허가 치료”를 받았을 때 (단, 연간 1회에 한하여 지급함)","5,000만원"
415,77,무배당 THE 간편한 계속받는암보장특약(갱신형),"피보험자가 보험기간 중 재진단암보장개시일 이후 에 “재진단암(기타피부암, 갑상선암 및 전립선암 제외)”으로 진단확정 되었을 때","1,000만원"
416,78,만기지급금,피보험자가 보험기간이 끝날 때 까지 “두번째 암”으로 진단받지 않고 살아있을 때,150만원
417,78,두번째암치료보험금,"피보험자가 보험기간 중 두번째 암보장개시일 이후에 “두번째 암”으로 진단확정 되었을 때 (단, 최초 1회에 한하여 지급함)","3,000만원 (단, 보험계약일로부터 2년이 지난 보험계 약해당일 전일 이전에 지급사유가 발생한 경우에는 이미 납입한 주계약 보험료를 지급해 드립니다)"
418,78,무배당암으로치료하였어도OK암특약,"1. 피보험자가 보험기간이 끝날 때 까지 “2차암”으로 진단받지 않고 살아있을 때 2. 피보험자가 보험기간 중 2차암보장개시일 이후에 “2차암”으로 진단확정 되었을 때 (단, 최초 1회에 한하여 지급함)","1. 150만원 2. 500만원 (단, 보험계약일로부터 2년이 지난 보험계 약해당일 전일 이전에 지급사유가 발생한 경우에는 이미 납입한 주계약 보험료를 지급해 드립니다)"
419,79,암(유방암/전립선 암 제외) 치료보험금,"피보험자가 보험기간 중 암보장개시일 이후에 “암(유방암/전립선 암 제외)”으로 진단확정 되었을 때 (단, 최초1회에 한하여 지급함)","3,000만원 (단, 보험계약일로부터 1년이 지난 보 험계약해당일 전일 이전에 지급사유 가 발생하였을 경우에는 상기금액의 50%를 지급)"
420,79,유방암/전립선암 치료보험금,"피보험자가 보험기간 중 암보장개시일 이후에 “유방암/전립선암” 으로 진단확정 되었을 때 (단, 최초1회에 한하여 지급함","600만원 (단, 보험계약일로부터 1년이 지난 보 험계약해당일 전일 이전에 지급사유 가 발생하였을 경우에는 상기금액의 50%를 지급)"
421,79,갑상선암 치료보험금/기타피부암 치료보험금/제자리암(상피내암) 치료보험금/ 경계성종양 치료보험금,"피보험자가 보험기간 중 보장개시일 이후에 “갑상선암”, “기타피 부암”, “제자리암(상피내암)” 또는 “경계성종양”으로 진단확정 되었 을 때 (단, 각각 최초 1회에 한하여 지 급함)","300만원 (단, 보험계약일로부터 1년이 지난 보 험계약해당일 전일 이전에 지급사유 가 발생하였을 경우에는 상기금액의 50%를 지급"
422,79,무배당 다이렉트7대고액암특약(갱신형),"피보험자가 보험기간 중 암보장 개시일 이후에 “7대 고액암”으 로 진단확정 되었을 때 (단, 최초 1회에 한하여 지급함)","3,000만원 (단, 보험계약일부터 1년이 지난 보험계약해당일 전일 이전에 지급사유가 발생하였을 경우에는 상 기금액의 50%를 지급)"
423,79,무배당 다이렉트여성특화암보장특약(갱신형),"피보험자가 보험기간 중 암보장 개시일 이후에 “여성특화암”으 로 진단확정 되었을 때 (단, 최초 1회에 한하여 지급함)","1,000만원 (단, 보험계약일부터 1년이 지난 보험계약해당일 전일 이전에 지급사유가 발생하였을 경우에는 상 기금액의 50%를 지급)"
424,79,무배당 다이렉트남성특화암보장특약(갱신형),"피보험자가 보험기간 중 암보장 개시일 이후에 “남성특화암”으 로 진단확정 되었을 때 (단, 최초 1회에 한하여 지급함)","1,000만원 (단, 보험계약일부터 1년이 지난 보험계약해당일 전일 이전에 지급사유가 발생하였을 경우에는 상 기금액의 50%를 지급)"
425,79,무배당 다이렉트위암보장특약(갱신형),"피보험자가 보험기간 중 암보장 개시일 이후에 “위암”으로 진단 확정 되었을 때 (단, 최초 1회에 한하여 지급함)","2,000만원 (단, 보험계약일부터 1년이 지난 보험계약해당일 전일 이전에 지급사유가 발생하였을 경우에는 상 기금액의 50%를 지급)"
426,80,신일반암 진단급여금,신일반암 진단(90일이후) 최초1회한,"3,000만원(1년미만 50%)"
427,80,유방암·전립선암 진단급여금,유방암·전립선암 진단(90일이후) 최초1회한,600만원(1년미만 50%)
428,80,기타피부암 진단급여금,기타피부암 진단 최초1회한,300만원(1년미만 50%)
429,80,갑상선암 진단급여금,갑상선암 진단 최초1회한,300만원(1년미만 50%)
430,80,대장점막내암 진단급여금,대장점막내암 진단 최초1회한,300만원(1년미만 50%)
431,80,제자리암 진단급여금,제자리암 진단 최초1회한,300만원(1년미만 50%)
432,80,경계성종양 진단급여금,경계성종양 진단 최초1회한,300만원(1년미만 50%)
433,80,(무) 꼭 필요한 표적항암약물허가치료특약 (갱신형),"표적항암약물허가치료(암(90일이후), 기타피부암, 갑상선암 진단) 최초1회한","3,000만원(1년미만 50%)"
434,80,(무) 항암세기조절방사선치료특약 (갱신형) 1형,"항암세기조절방사선치료(암(90일이후), 기타피부암, 갑상선암 진단) 최초1회한",500만원(1년미만 50%)
435,80,(무) 신일반암직접치료특약 (갱신형) 1형,암직접치료(신일반암 진단(90일이후)) 매년1회한(최초 진단확정일로부터 최대 5년간),"1,000만원(1년미만 50%)"
436,80,(무) 항암양성자방사선치료특약 (갱신형) 1형,"항암양성자방사선치료(암(90일이후), 기타피부암, 갑상선암 진단) 최초1회한","1,000만원(1년미만 50%)"
437,81,신일반암 진단급여금,신일반암 진단(90일이후) 최초1회한,"3,000만원(1년미만 50%)"
438,81,유방암·전립선암 진단급여금,유방암·전립선암 진단(90일이후) 최초1회한,600만원(1년미만 50%)
439,81,기타피부암 진단급여금,기타피부암 진단 최초1회한,300만원(1년미만 50%)
440,81,갑상선암 진단급여금,갑상선암 진단 최초1회한,300만원(1년미만 50%)
441,81,대장점막내암 진단급여금,대장점막내암 진단 최초1회한,300만원(1년미만 50%)
442,81,제자리암 진단급여금,제자리암 진단 최초1회한,300만원(1년미만 50%)
443,81,경계성종양 진단급여금,경계성종양 진단 최초1회한,300만원(1년미만 50%)
444,81,(무) 표적항암약물허가치료특약 (갱신형),"표적항암약물허가치료(암(90일이후), 기타피부암, 갑상선암 진단) 최초1회한","3,000만원(1년미만 50%)"
445,81,(무) 항암세기조절방사선치료특약 (갱신형) 2형,"항암세기조절방사선치료(암(90일이후), 기타피부암, 갑상선암 진단) 최초1회한",500만원(1년미만 50%)
446,81,(무) 신일반암직접치료특약 (갱신형) 2형,암직접치료(신일반암 진단(90일이후)) 매년1회한(최초 진단확정일로부터 최대 5년간),"1,000만원(1년미만 50%)"
447,81,(무) 항암양성자방사선치료특약 (갱신형) 2형,"항암양성자방사선치료(암(90일이후), 기타피부암, 갑상선암 진단) 최초1회한","1,000만원(1년미만 50%)"
448,82,일반암 진단급여금,일반암 진단(90일이후) 최초1회한,"3,000만원(1년미만 50%)"
449,82,특정암 진단급여금,특정암 진단(90일이후) 최초1회한,600만원(1년미만 50%)
450,82,기타피부암 진단급여금,기타피부암 진단 최초1회한,300만원(1년미만 50%)
451,82,갑상선암 진단급여금,갑상선암 진단 최초1회한,300만원(1년미만 50%)
452,82,제자리암 진단급여금,제자리암 진단 최초1회한,300만원(1년미만 50%)
453,82,경계성종양 진단급여금,경계성종양 진단 최초1회한,300만원(1년미만 50%)
454,82,(무) 초간편 표적항암약물허가치료특약 (갱신형),"표적항암약물허가치료(암(90일이후), 기타피부암, 갑상선암 진단) 최초1회한","1,000만원(1년미만 50%)"
455,82,(무) 초간편 뇌경색증진단특약 (갱신형),뇌경색증 진단 최초1회한,"1,000만원(1년미만 50%)"
456,82,(무) 초간편 뇌출혈진단특약 (갱신형),뇌출혈 진단 최초1회한,"1,000만원(1년미만 50%)"
457,82,(무) 초간편 고액암특약 (갱신형),고액암 진단(90일이후) 최초1회한,"1,000만원(1년미만 50%)"
458,83,일반암 진단급여금,일반암 진단(90일이후) 최초1회한,"3,000만원(1년미만 50%)"
459,83,특정암 진단급여금,특정암 진단(90일이후) 최초1회한,600만원(1년미만 50%)
460,83,기타피부암 진단급여금,기타피부암 진단 최초1회한,300만원(1년미만 50%)
461,83,갑상선암 진단급여금,갑상선암 진단 최초1회한,300만원(1년미만 50%)
462,83,제자리암 진단급여금,제자리암 진단 최초1회한,300만원(1년미만 50%)
463,83,경계성종양 진단급여금,경계성종양 진단 최초1회한,300만원(1년미만 50%)
464,83,(무) 신 고액암특약O (갱신형),고액암 진단(90일이후) 최초1회한,"3,000만원(1년미만 50%)"
465,83,(무) 신 뇌출혈진단특약O (갱신형),뇌출혈 진단 최초1회한,"1,000만원(1년미만 50%)"
466,83,(무) 신 급성심근경색증진단특약O (갱신형),급성심근경색증 진단 최초1회한,"1,000만원(1년미만 50%)"
467,83,(무) 표적항암약물허가치료특약O (갱신형),"표적항암약물허가치료(암(90일이후), 기타피부암, 갑상선암 진단) 최초1회한","1,000만원(1년미만 50%)"
468,84,일반암 진단급여금,일반암 진단(90일이후) 최초1회한,"3,000만원"
469,84,특정암 진단급여금,특정암 진단(90일이후) 최초1회한,600만원
470,84,기타피부암 진단급여금,기타피부암 진단 최초1회한,300만원
471,84,갑상선암 진단급여금,갑상선암 진단 최초1회한,300만원
472,84,제자리암 진단급여금,제자리암 진단 최초1회한,300만원
473,84,경계성종양 진단급여금,경계성종양 진단 최초1회한,300만원
474,84,(무) 표적항암약물허가치료특약 (갱신형),"표적항암약물허가치료(암(90일이후), 기타피부암, 갑상선암 진단) 최초1회한","1,000만원(1년미만 50%)"
475,84,(무) 계속받는 표적항암약물허가치료특약 (갱신형),"표적항암약물허가치료(암(90일이후), 기타피부암, 갑상선암 진단) 연간1회한",100만원(1년미만 50%)
476,85,암수술자금,"피보험자가 보험기간 중 ‘암보장개시일’ 이후 에 ‘암’으로 진단확정 되고 보험기간 중 그 ‘암’의 직접적인 치료를 목적으로 수술을 받았 거나, 이 계약의 보험기간 중 ‘대장점막내암’ 으로 진단이 확정되고 보험기간 중 그 ‘대장점 막내암’의 직접적인 치료를 목적으로 수술을 받았을 때","100만원 (수술 1회당) (다만, 계약일부터 1년 미만에 암수술자금 지급사유 발생시 50% 삭감지급)"
477,85,암 CT 검사급여금,"피보험자가 보험기간 중 보장개시일(‘암’의 경우 암보장개시일) 이후에 ‘암’, ‘기타피부암’, ‘갑상선암’, ‘대장점막내암’, ‘제자리암’ 또는 ‘경계성종양’으로 진단이 확정되고, 보험기간 중 그 ‘암’, ‘기타피부암’, ‘갑상선암’, ‘대장점막내암’, ‘제자리암’ 또는 ‘경계성종양’의 치료 또는 진행여부 확인을 위한 필요소견을 토대로 ‘전산화단층촬영(CT) 검사’를 받았을 때","""5만원 (연간 1회에 한함) (다만, 계약일부터 1년 미만에 지급사유 발생시 50% 삭감지급)"""
478,85,암 PET 검사급여금,"피보험자가 보험기간 중 보장개시일(‘암’의 경우 암보장개시일) 이후에 ‘암’, ‘기타피부암’, ‘갑상선암’, ‘대장점막내암’, ‘제자리암’ 또는 ‘경계성종양’으로 진단이 확정되고, 보험기간 중 그 ‘암’, ‘기타피부암’, ‘갑상선암’, ‘대장점막내암’, ‘제자리암’ 또는 ‘경계성종양’의 치료 또는 진행여부 확인을 위한 필요소견을 토대로 ‘양전자방출단층촬영(PET) 검사’를 받았을 때","""10만원 (연간 1회에 한함) (다만, 계약일부터 1년 미만에 지급사유 발생시 50% 삭감지급)"""
479,85,암 MRI 검사급여금,"피보험자가 보험기간 중 보장개시일(‘암’의 경우 암보장개시일) 이후에 ‘암’, ‘기타피부암’, ‘갑상선암’, ‘대장점막내암’, ‘제자리암’ 또는 ‘경계성종양’으로 진단이 확정되고, 보험기간 중 그 ‘암’, ‘기타피부암’, ‘갑상선암’, ‘대장점막내암’, ‘제자리암’ 또는 ‘경계성종양’의 치료 또는 진행여부 확인을 위한 필요소견을 토대로 ‘자기공명영상(MRI) 검사’를 받았을 때","""10만원 (연간 1회에 한함) (다만, 계약일부터 1년 미만에 지급사유 발생시 50% 삭감지급)"""
480,85,암 초음파 검사급여금,"피보험자가 보험기간 중 보장개시일(‘암’의 경우 암보장개시일) 이후에 ‘암’, ‘기타피부암’, ‘갑상선암’, ‘대장점막내암’, ‘제자리암’ 또는 ‘경계성종양’으로 진단이 확정되고, 보험기간 중 그 ‘암’, ‘기타피부암’, ‘갑상선암’, ‘대장점막내암’, ‘제자리암’ 또는 ‘경계성종양’ 치료 또는 진행여부 확인을 위한 필요소견을 토대로 ‘초음파 검사’를 받았을 때","""10만원 (연간 1회에 한함) (다만, 계약일부터 1년 미만에 지급사유 발생시 50% 삭감지급)"""
481,85,급여 특정 NGS유전자 패널검사 급여금,"피보험자가 보험기간 중 보장개시일(‘암’의 경우 암보장개시일) 이후에 ‘암’, ‘기타피부암’, ‘갑상선암’ 또는 ‘대장점막내암’의 진단 및 치료를 위한 필요소견을 토대로 ‘급여 특정NGS유전자패널검사’를 받았을 때","""50만원 (연간 1회에 한함) (다만, 계약일부터 1년 미만에 지급사유 발생시 50% 삭감지급)"""
482,85,만기보험금,피보험자가 보험기간이 끝날 때까지 살아 있을 경우,"""적립계약 계약자적립액 (단, 초과적립액이 발생한 경우 적립계약 계약자적립액에서 초과적립액을 차감한 금액)"""
483,85,암수술자금,"피보험자가 보험기간 중 ‘기타피부암’, ‘갑상선 암’, ‘제자리암’ 또는 ‘경계성종양’으로 진단이 확정되고 보험기간 중 그 ‘기타피부암’, ‘갑상선암’, ‘제자리암’ 또는 ‘경계성종양’의 직접적인 치료를 목적으로 수술을 받았을 때","30만원 (수술 1회당) (다만, 계약일부터1년 미만에 암수술자금 지급사유 발생시 50% 삭감지급)"
484,85,"암진단특약(갱,무)_H","피보험자가 보험기간 중 암보장개시일 이후에 ‘일반암’으로 진단확정 되었을 때(다만, 최초 1회한)","1년미만 500만원, 1년이후 1,000만원"
485,85,"표적항암약물허가치료특약(갱,무)_C","피보험자가 이 특약의 보험기간 중 ‘암보장개시일’(단, ‘기타피부암’, ‘갑상선암’ 또는 ‘대장점막내암’의 경우 보장개시일) 이후에 ‘암’, ‘기타피부암’, ‘갑상선암’ 또는 ‘대장점막내암’으로 진단 확정되고 보험기간 중 그 ‘암’, ‘기타피부암’, ‘갑상선암’ 또는 ‘대장점막내암’의 직접적인 치료를 목적으로 ‘표적항암약물허가치료’를 받았을 때 (최초 1회에 한함)","1년미만 500만원, 1년이후 1,000만원"
486,85,"플러스항암방사선ㆍ약물치료특약(갱,무)_C","""피보험자가 이 특약의 보험기간 중 ‘암보장개시일’ 이후에 ‘암’으로 진단확정 되고 보험기간 중 그 ‘암’의 직접적인 치료를 목적으로 ‘항암방사선치료’ 또는 ‘항암약물치료’를 받았거나, 이 특약의 보험기간 중 ‘대장점막내암’으로 진단이 확정되고 보험기간 중 그 ‘대장점막내암’의 직접적인 치료를 목적으로 ‘항암방사선치료’ 또는 ‘항암약물치료’를 받았을 때(다만, ‘항암방사선치료’ 또는 ‘항암약물치료’ 둘 중 최초 1회에 한하여 지급) ※이외 보장담보는 상품요약서 참조""","1년미만 500만원, 1년이후 1,000만원"
487,85,"플러스암직접치료통원특약(갱,무)_H","""피보험자가 이 특약의 보험기간 중 ‘암보장개시일’ 이후에 ‘암’으로 진단이 확정되고 보험기간 중 그 ‘암’의 직접적인 치료를 목적으로 ‘상급종합병원’에 통원하였을 때(1일 1회한, 보험연도 기준 연간30회에 한함) ※이외 보장담보는 상품요약서 참조""","""10만원 (통원 1회당)"""
488,86,암진단 보험금(1),"피보험자가 보험기간 중 암보장개시일 이후에 ‘암’으로 진단확정 되었을때 ‘9대고액암’ (다만, 최초1회에 한하여 지급)","3,000만원 (1년미만 50% 지급)"
489,86,암진단 보험금(2),"피보험자가 보험기간 중 암보장개시일 이후에 ‘암’으로 진단확정 되었을때 ‘9대고액암’ 또는 ‘일반암‘ (다만, 최초1회에 한하여 지급)","2,100만원 (1년미만 50% 지급)"
490,86,암진단 보험금(3),"피보험자가 보험기간 중 암보장개시일 이후에 ‘암’으로 진단확정 되었을때 ‘9대고액암’, ‘일반암’ 또는 ？유방암 또는 남녀생식기관련암？ (다만, 최초 1회에 한하여 지급)",900만원 (1년미만 50% 지급)
491,86,소액암 진단보험금,"피보험자가 보험기간 중 기타피부암, 중증 이외의 갑상선암, 대장점막내암, 제자리암 또는 경계성종양으로 진단확정 되었을 때 (다만, 각각 최초 1회에 한하여 지급)",600만원 (1년미만 50% 지급)
492,87,암진단 보험금(1),"피보험자가 보험기간 중 암보장개시일 이후에 ‘암’으로 진단확정 되었을때 ‘9대고액암’ (다만, 최초1회에 한하여 지급)","3,000만원 (1년미만 50% 지급)"
493,87,암진단 보험금(2),"피보험자가 보험기간 중 암보장개시일 이후에 ‘암’으로 진단확정 되었을때 ‘9대고액암’ 또는 ‘일반암‘ (다만, 최초1회에 한하여 지급)","2,100만원 (1년미만 50% 지급)"
494,87,암진단 보험금(3),"피보험자가 보험기간 중 암보장개시일 이후에 ‘암’으로 진단확정 되었을때 ‘9대고액암’, ‘일반암’ 또는 ？유방암 또는 남녀생식기관련암？ (다만, 최초 1회에 한하여 지급)",900만원 (1년미만 50% 지급)
495,87,소액암 진단보험금,"""피보험자가 보험기간 중 기타피부암, 중증 이외의 갑상선암, 대장점막내암, 제자리암 또는 경계성종양으로 진단확정 되었을 때 (다만, 각각 최초 1회에 한하여 지급)",600만원 (1년미만 50% 지급)
496,88,일반암 진단 보험금(1),피보험자가 보험기간 중 암보장개시일 이후에 ‘일반암’으로 진단확정 되었을 때 (최초 1회 진단확정 한함),"3,000만원 (다만, 최초계약의 계약일부터 ‘1년이 지난 계약해당일 전일’ 이전에 ‘일반암’으로 진단확정시 해당 보험금의 50%지급)"
497,88,일반암 진단 보험금(2),피보험자가 보험기간 중 암보장개시일 이후에 ‘일반암’으로 진단확정 되었을 때 (최초 1회 진단확정 한함),‘일반암’ 진단 당시 이미 납입한 주계약 보험료
498,88,소액암진단특약Ⅱ(무배당)_C,"피보험자가 이 특약의 보험기간 중 ‘암보장개시일’ 이후에 ‘전립선암’으로 진단확정 되었을 때 (다만, 최초 1회에 한하며, 피보험자가 남성인 경우에 한함) ※이외 보장담보는 상품요약서 참조","600만원 (다만, 최초계약의 계약일부터 ‘1년이 지난 계약 해당일 전일’ 이전에 지급사유 발생시 해당보험금의 50% 지급)"
499,88,"항암방사선ㆍ약물치료특약(갱신형,무배당)_C","피보험자가 이 특약의 보험기간 중 ‘암보장개시일’ 이후에 ‘암’으로 진단확정 되고 보험기간 중 그 ‘암’의 직접적인 치료를 목적으로 ‘항암방사선치료’를 받았거나, 이 특약의 보험기간 중 ‘대장점막내암’으로 진단이 확정되고 보험기간 중 그 ‘대장점막내암’의 직접적인 치료를 목적으로 ‘항암방사선치료’를 받았을 때 ※이외 보장담보는 상품요약서 참조",50만원 (최초 1회한)
500,88,"표적항암약물허가치료특약(갱신형,무배당)_C","피보험자가 이 특약의 보험기간 중 ‘암보장개시일’(단, ‘기타피부암’, ‘갑상선암’ 또는 ‘대장점막내암’의 경우 보장개시일) 이후에 ‘암’, ‘기타피부암’, ‘갑상선암’ 또는 ‘대장점막내암’으로 진단 확정되고 보험기간 중 그 ‘암’, ‘기타피부암’, ‘갑상선암’ 또는 ‘대장점막내암’의 직접적인 치료를 목적으로 ‘표적항암약물허가치료’를 받았을 때 (최초 1회에 한함)","1,000만원 (다만, 최초계약의 계약일부터 ‘1년이 지난 계약해당일 전일’ 이전에 지급사유가 발생하였을 경우에는 해당 보험금의 50%지급)"
501,88,"암직접치료입원특약Ⅱ(갱신형,무배당)_C","피보험자가 이 특약의 보험기간 중 ‘암보장개시일’ 이후에 ‘암’으로 진단확정 되고 보험기간 중 그 ‘암’의 직접적인 치료를 목적으로 1일 이상 계속하여 입원하였거나, 이 특약의 보험기간 중 ‘대장점막내암’으로 진단이 확정되고 보험기간 중 그 ‘대장점막내암’의 직접적인 치료를 목적으로 1일 이상 계속하여 입원하였을 때(1회 입원당 120일 한도) ※이외 보장담보는 상품요약서 참조","입원일수 1일당 25,000원 (다만, 최초계약의 경우 계약일부터 1년 미만에 지급사유 발생시 50% 지급)"
502,89,일반암 진단 보험금(1),피보험자가 보험기간 중 암보장개시일 이후에 ‘일반암’으로 진단확정 되었을 때 (최초 1회 진단확정 한함),"3,000만원 (다만, 계약일부터 ‘1년이 지난 계약해당일 전일’ 이전에 ‘일반암’으로 최초 진단확정시 해당 보험금의 50%지급)"
503,89,일반암 진단 보험금(2),피보험자가 보험기간 중 암보장개시일 이후에 ‘일반암’으로 진단확정 되었을 때 (최초 1회 진단확정 한함),‘일반암’ 진단 당시 이미 납입한 주계약 보험료
504,89,만기환급금,피보험자가 보험기간 중 ‘일반암’으로 진단확정 되지 않고 보험기간이 끝날 때까지 살아있을 때,이미 납입한 주계약 보험료
505,89,소액암진단특약Ⅱ(무배당)_C,"피보험자가 이 특약의 보험기간 중 ‘암보장개시일’ 이후에 ‘전립선암’으로 진단확정 되었을 때 (다만, 최초 1회에 한하며, 피보험자가 남성인 경우에 한함) ※이외 보장담보는 상품요약서 참조","600만원 (다만, 최초계약의 계약일부터 ‘1년이 지난 계약 해당일 전일’ 이전에 지급사유 발생시 해당보험금의 50% 지급)"
506,89,"항암방사선ㆍ약물치료특약(갱신형,무배당)_C","피보험자가 이 특약의 보험기간 중 ‘암보장개시일’ 이후에 ‘암’으로 진단확정 되고 보험기간 중 그 ‘암’의 직접적인 치료를 목적으로 ‘항암방사선치료’를 받았거나, 이 특약의 보험기간 중 ‘대장점막내암’으로 진단이 확정되고 보험기간 중 그 ‘대장점막내암’의 직접적인 치료를 목적으로 ‘항암방사선치료’를 받았을 때 ※이외 보장담보는 상품요약서 참조",50만원 (최초 1회한)
507,89,"표적항암약물허가치료특약(갱신형,무배당)_C","피보험자가 이 특약의 보험기간 중 ‘암보장개시일’(단, ‘기타피부암’, ‘갑상선암’ 또는 ‘대장점막내암’의 경우 보장개시일) 이후에 ‘암’, ‘기타피부암’, ‘갑상선암’ 또는 ‘대장점막내암’으로 진단 확정되고 보험기간 중 그 ‘암’, ‘기타피부암’, ‘갑상선암’ 또는 ‘대장점막내암’의 직접적인 치료를 목적으로 ‘표적항암약물허가치료’를 받았을 때 (최초 1회에 한함)","1,000만원 (다만, 최초계약의 계약일부터 ‘1년이 지난 계약해당일 전일’ 이전에 지급사유가 발생하였을 경우에는 해당 보험금의 50%지급)"
508,89,"암직접치료입원특약Ⅱ(갱신형,무배당)_C","피보험자가 이 특약의 보험기간 중 ‘암보장개시일’ 이후에 ‘암’으로 진단확정 되고 보험기간 중 그 ‘암’의 직접적인 치료를 목적으로 1일 이상 계속하여 입원하였거나, 이 특약의 보험기간 중 ‘대장점막내암’으로 진단이 확정되고 보험기간 중 그 ‘대장점막내암’의 직접적인 치료를 목적으로 1일 이상 계속하여 입원하였을 때(1회 입원당 120일 한도) ※이외 보장담보는 상품요약서 참조","입원일수 1일당 25,000원 (다만, 최초계약의 경우 계약일부터 1년 미만에 지급사유 발생시 50% 지급)"
509,90,일반암 진단 보험금,피보험자가 보험기간 중 암보장개시일 이후에 ‘일반암’으로 진단확정 되었을 때(최초 1회 진단확정 한함),"5,000만원 (다만, 최초계약의 계약일부터 ‘1년이 지난 계약해당일 전일’이전에 ‘일반암’으로 진단확정시 해당 보험금의 50%지급)"
510,90,소액암진단특약Ⅱ(무배당)_C,"피보험자가 이 특약의 보험기간 중 ‘암보장개시일’ 이후에 ‘전립선암’으로 진단확정 되었을 때 (다만, 최초 1회에 한하며, 피보험자가 남성인 경우에 한함) ※이외 보장담보는 상품요약서 참조","600만원 (다만, 최초계약의 계약일부터 ‘1년이 지난 계약 해당일 전일’ 이전에 지급사유 발생시 해당보험금의 50% 지급)"
511,90,"플러스항암방사선·약물치료특약(갱신형,무배당)_C","피보험자가 이 특약의 보험기간 중 ‘암보장개시일’ 이후에 ‘암’으로 진단확정 되고 보험기간 중 그 ‘암’의 직접적인 치료를 목적으로 ‘항암방사선치료’ 또는 ‘항암약물치료’를 받았거나, 이 특약의 보험기간 중 ‘대장점막내암’으로 진단이 확정되고 보험기간 중 그 ‘대장점막내암’의 직접적인 치료를 목적으로 ‘항암방사선치료’ 또는 ‘항암약물치료’를 받았을 때(다만, ‘항암방사선치료’ 또는 ‘항암약물치료’ 둘 중 최초 1회에 한하여 지급) ※이외 보장담보는 상품요약서 참조","1,000만원 (최초1회한) (다만, 최초계약의 계약일부터 ‘1년이 지난 계약해당일 전일’이전에 지급사유가 발생하였을 경우에는 해당 보험금의 50%지급)"
512,90,"항암양성자방사선치료특약(갱신형,무배당)_C","피보험자가 이 특약의 보험기간 중 암보장개시일(단, ‘기타피부암’, ‘갑상선암’ 또는 ‘대장점막내암’의 경우 보장개시일) 이후에 ‘암’, ‘기타피부암’, ‘갑상선암’ 또는 ‘대장점막내암’으로 진단 확정되고 보험기간 중 그 ‘암’, ‘기타피부암’, ‘갑상선암’ 또는 ‘대장점막내암’의 직접적인 치료를 목적으로 ‘항암양성자방사선치료‘를 받았을 때","1,000만원 (최초 1회한) (다만, 최초계약의 계약일부터 ‘1년이 지난 계약해당일 전일’ 이전에 지급사유가 발생하였을 경우에는 해당 보험금의 50%지급)"
513,90,"암직접치료입원특약Ⅱ(갱신형,무배당)_C","피보험자가 이 특약의 보험기간 중 ‘암보장개시일’ 이후에 ‘암’으로 진단확정 되고 보험기간 중 그 ‘암’의 직접적인 치료를 목적으로 1일 이상 계속하여 입원하였거나, 이 특약의 보험기간 중 ‘대장점막내암’으로 진단이 확정되고 보험기간 중 그 ‘대장점막내암’의 직접적인 치료를 목적으로 1일 이상 계속하여 입원하였을 때(1회 입원당 120일 한도) ※이외 보장담보는 상품요약서 참조","입원일수 1일당 25,000원 (다만, 최초계약의 경우 계약일부터 1년 미만에 지급사유 발생시 50% 지급)"
514,91,일반암 진단 보험금(1),피보험자가 보험기간 중 암보장개시일 이후에 ‘일반암’으로 진단확정 되었을 때 (최초 1회 진단확정 한함),"3,000만원 (다만, 최초계약의 계약일부터 ‘1년이 지난 계약해당일 전일’ 이전에 ‘일반암’으로 진단확정시 해당 보험금의 50%지급)"
515,91,일반암 진단 보험금(2),피보험자가 보험기간 중 암보장개시일 이후에 ‘일반암’으로 진단확정 되었을 때 (최초 1회 진단확정 한함),‘일반암’ 진단 당시 이미 납입한 주계약 보험료
516,91,건강관리 자금,피보험자가 보험기간 중 ‘일반암’으로 진단확정 되지 않고 보험기간이 끝날 때까지 살아있을 때,"300만원 (단, 보험기간이 20년 미만인 최종 갱신계약은 제외)"
517,91,"소액암진단특약Ⅱ(갱신형,무배당)_C","피보험자가 이 특약의 보험기간 중 ‘암보장개시일’ 이후에 ‘전립선암’으로 진단확정 되었을 때 (다만, 최초 1회에 한하며, 피보험자가 남성인 경우에 한함) ※이외 보장담보는 상품요약서 참조","600만원 (다만, 최초계약의 계약일부터 ‘1년이 지난 계약 해당일 전일’ 이전에 지급사유 발생시 해당보험금의 50% 지급)"
518,91,"항암방사선ㆍ약물치료특약(갱신형,무배당)_C","피보험자가 이 특약의 보험기간 중 ‘암보장개시일’ 이후에 ‘암’으로 진단확정 되고 보험기간 중 그 ‘암’의 직접적인 치료를 목적으로 ‘항암방사선치료’를 받았거나, 이 특약의 보험기간 중 ‘대장점막내암’으로 진단이 확정되고 보험기간 중 그 ‘대장점막내암’의 직접적인 치료를 목적으로 ‘항암방사선치료’를 받았을 때 ※이외 보장담보는 상품요약서 참조",50만원 (최초 1회한)
519,91,"표적항암약물허가치료특약(갱신형,무배당)_C","피보험자가 이 특약의 보험기간 중 ‘암보장개시일’(단, ‘기타피부암’, ‘갑상선암’ 또는 ‘대장점막내암’의 경우 보장개시일) 이후에 ‘암’, ‘기타피부암’, ‘갑상선암’ 또는 ‘대장점막내암’으로 진단 확정되고 보험기간 중 그 ‘암’, ‘기타피부암’, ‘갑상선암’ 또는 ‘대장점막내암’의 직접적인 치료를 목적으로 ‘표적항암약물허가치료’를 받았을 때 (최초 1회에 한함)","1,000만원 (다만, 최초계약의 계약일부터 ‘1년이 지난 계약해당일 전일’ 이전에 지급사유가 발생하였을 경우에는 해당 보험금의 50%지급)"
520,91,"암직접치료입원특약Ⅱ(갱신형,무배당)_C","피보험자가 이 특약의 보험기간 중 ‘암보장개시일’ 이후에 ‘암’으로 진단확정 되고 보험기간 중 그 ‘암’의 직접적인 치료를 목적으로 1일 이상 계속하여 입원하였거나, 이 특약의 보험기간 중 ‘대장점막내암’으로 진단이 확정되고 보험기간 중 그 ‘대장점막내암’의 직접적인 치료를 목적으로 1일 이상 계속하여 입원하였을 때(1회 입원당 120일 한도) ※이외 보장담보는 상품요약서 참조","입원일수 1일당 25,000원 (다만, 최초계약의 경우 계약일부터 1년 미만에 지급사유 발생시 50% 지급)"
521,92,일반암 진단 보험금,피보험자가 보험기간 중 암보장개시일 이후에 ‘일반암’으로 진단확정 되었을 때(최초 1회 진단확정 한함),"5,000만원 (다만, 최초계약의 계약일부터 ‘1년이 지난 계약해당일 전일’이전에 ‘일반암’으로 진단확정시 해당 보험금의 50%지급)"
522,92,"소액암진단특약Ⅱ(갱신형,무배당)_C","피보험자가 이 특약의 보험기간 중 ‘암보장개시일’ 이후에 ‘전립선암’으로 진단확정 되었을 때 (다만, 최초 1회에 한하며, 피보험자가 남성인 경우에 한함) ※이외 보장담보는 상품요약서 참조","600만원 (다만, 최초계약의 계약일부터 ‘1년이 지난 계약 해당일 전일’ 이전에 지급사유 발생시 해당보험금의 50% 지급)"
523,92,"플러스항암방사선·약물치료특약(갱신형,무배당)_C","피보험자가 이 특약의 보험기간 중 ‘암보장개시일’ 이후에 ‘암’으로 진단확정 되고 보험기간 중 그 ‘암’의 직접적인 치료를 목적으로 ‘항암방사선치료’ 또는 ‘항암약물치료’를 받았거나, 이 특약의 보험기간 중 ‘대장점막내암’으로 진단이 확정되고 보험기간 중 그 ‘대장점막내암’의 직접적인 치료를 목적으로 ‘항암방사선치료’ 또는 ‘항암약물치료’를 받았을 때(다만, ‘항암방사선치료’ 또는 ‘항암약물치료’ 둘 중 최초 1회에 한하여 지급) ※이외 보장담보는 상품요약서 참조","1,000만원 (최초1회한) (다만, 최초계약의 계약일부터 ‘1년이 지난 계약해당일 전일’이전에 지급사유가 발생하였을 경우에는 해당 보험금의 50%지급)"
524,92,"항암양성자방사선치료특약(갱신형,무배당)_C","피보험자가 이 특약의 보험기간 중 암보장개시일(단, ‘기타피부암’, ‘갑상선암’ 또는 ‘대장점막내암’의 경우 보장개시일) 이후에 ‘암’, ‘기타피부암’, ‘갑상선암’ 또는 ‘대장점막내암’으로 진단 확정되고 보험기간 중 그 ‘암’, ‘기타피부암’, ‘갑상선암’ 또는 ‘대장점막내암’의 직접적인 치료를 목적으로 ‘항암양성자방사선치료‘를 받았을 때","1,000만원 (최초 1회한) (다만, 최초계약의 계약일부터 ‘1년이 지난 계약해당일 전일’ 이전에 지급사유가 발생하였을 경우에는 해당 보험금의 50%지급)"
525,92,"암직접치료입원특약Ⅱ(갱신형,무배당)_C","피보험자가 이 특약의 보험기간 중 ‘암보장개시일’ 이후에 ‘암’으로 진단확정 되고 보험기간 중 그 ‘암’의 직접적인 치료를 목적으로 1일 이상 계속하여 입원하였거나, 이 특약의 보험기간 중 ‘대장점막내암’으로 진단이 확정되고 보험기간 중 그 ‘대장점막내암’의 직접적인 치료를 목적으로 1일 이상 계속하여 입원하였을 때(1회 입원당 120일 한도) ※이외 보장담보는 상품요약서 참조","입원일수 1일당 25,000원 (다만, 최초계약의 경우 계약일부터 1년 미만에 지급사유 발생시 50% 지급)"
526,93,일반암 진단 보험금(1),피보험자가 보험기간 중 암보장개시일 이후에 ‘일반암’으로 진단확정 되었을 때 (최초 1회 진단확정 한함),"3,000만원 (다만, 최초계약의 계약일부터 ‘1년이 지난 계약해당일 전일’ 이전에 ‘일반암’으로 진단확정시 해당 보험금의 50%지급)"
527,93,일반암 진단 보험금(2),피보험자가 보험기간 중 암보장개시일 이후에 ‘일반암’으로 진단확정 되었을 때 (최초 1회 진단확정 한함),‘일반암’ 진단 당시 이미 납입한 주계약 보험료
528,93,"소액암진단특약Ⅱ(갱신형,무배당)_C","피보험자가 이 특약의 보험기간 중 ‘암보장개시일’ 이후에 ‘전립선암’으로 진단확정 되었을 때 (다만, 최초 1회에 한하며, 피보험자가 남성인 경우에 한함) ※이외 보장담보는 상품요약서 참조","600만원 (다만, 최초계약의 계약일부터 ‘1년이 지난 계약 해당일 전일’ 이전에 지급사유 발생시 해당보험금의 50% 지급)"
529,93,"항암방사선ㆍ약물치료특약(갱신형,무배당)_C","피보험자가 이 특약의 보험기간 중 ‘암보장개시일’ 이후에 ‘암’으로 진단확정 되고 보험기간 중 그 ‘암’의 직접적인 치료를 목적으로 ‘항암방사선치료’를 받았거나, 이 특약의 보험기간 중 ‘대장점막내암’으로 진단이 확정되고 보험기간 중 그 ‘대장점막내암’의 직접적인 치료를 목적으로 ‘항암방사선치료’를 받았을 때 ※이외 보장담보는 상품요약서 참조",50만원 (최초 1회한)
530,93,"표적항암약물허가치료특약(갱신형,무배당)_C","피보험자가 이 특약의 보험기간 중 ‘암보장개시일’(단, ‘기타피부암’, ‘갑상선암’ 또는 ‘대장점막내암’의 경우 보장개시일) 이후에 ‘암’, ‘기타피부암’, ‘갑상선암’ 또는 ‘대장점막내암’으로 진단 확정되고 보험기간 중 그 ‘암’, ‘기타피부암’, ‘갑상선암’ 또는 ‘대장점막내암’의 직접적인 치료를 목적으로 ‘표적항암약물허가치료’를 받았을 때 (최초 1회에 한함)","1,000만원 (다만, 최초계약의 계약일부터 ‘1년이 지난 계약해당일 전일’ 이전에 지급사유가 발생하였을 경우에는 해당 보험금의 50%지급)"
531,93,"암직접치료입원특약Ⅱ(갱신형,무배당)_C","피보험자가 이 특약의 보험기간 중 ‘암보장개시일’ 이후에 ‘암’으로 진단확정 되고 보험기간 중 그 ‘암’의 직접적인 치료를 목적으로 1일 이상 계속하여 입원하였거나, 이 특약의 보험기간 중 ‘대장점막내암’으로 진단이 확정되고 보험기간 중 그 ‘대장점막내암’의 직접적인 치료를 목적으로 1일 이상 계속하여 입원하였을 때(1회 입원당 120일 한도) ※이외 보장담보는 상품요약서 참조","입원일수 1일당 25,000원 (다만, 최초계약의 경우 계약일부터 1년 미만에 지급사유 발생시 50% 지급)"
532,94,일반암 진단보험금,"피보험자가 보험기간 중 암보장개시일이후에 「일반암」으로 진단 확정되었을 경우 (다만, 최초 1회의 진단 확정에 한함)",[가입 후 1년 이후] 3000만원 [가입 후 1년 미만] 1500만원
533,94,고액암 진단보험금,"피보험자가 보험기간 중 암보장개시일이후에 「고액암」으로 진단 확정되었을 경우 (다만, 최초 1회의 진단 확정에 한함)",[가입 후 1년 이후] 6000만원 [가입 후 1년 미만] 3000만원
534,94,유방암 및 전립선암 진단보험금,"피보험자가 보험기간 중 암보장개시일이후에 「유방암」 또는 「전립선암」으로 진단 확정되었을 경우 (다만, 「유방암」 또는 「전립선암」 중 최초 1회의 진단 확정에 한함)",[가입 후 1년 이후] 1500만원 [가입 후 1년 미만] 750만원
535,94,소액암 및 유사암 진단보험금,"피보험자가 보험기간 중 보장개시일이후에 「기타피부암」, 「중증 이외 갑상선암」, 「대장점막내암」, 「경계성종양」 또는 「제자리암」으로 진단 확정되었을 경우 (다만, 각각 최초 1회의 진단 확정에 한함)",[가입 후 1년 이후] 300만원 [가입 후 1년 미만] 150만원
536,94,(무)All페이백일반암진단특약(해약환급금 미지급형)(비흡연체),"피보험자가 이 특약의 보험기간 중 ‘암보장개시일’ 이후에 「일반암」으로 진단 확정되었을 경우 (다만, 최초 1회의 진단 확정에 한함)",[최초계약 가입 후 1년 이후] : 이 계약의 납입보험료 총액 [최초계약 가입 후 1년 미만] : 이 계약의 납입보험료 총액의 50%
537,95,일반암 진단보험금,"피보험자가 보험기간 중 암보장개시일이후에 「일반암」으로 진단 확정되었을 경우 (다만, 최초 1회의 진단 확정에 한함)",[가입 후 1년 이후] 3000만원 [가입 후 1년 미만] 1500만원
538,95,고액암 진단보험금,"피보험자가 보험기간 중 암보장개시일이후에 「고액암」으로 진단 확정되었을 경우 (다만, 최초 1회의 진단 확정에 한함)",[가입 후 1년 이후] 6000만원 [가입 후 1년 미만] 3000만원
539,95,유방암 및 전립선암 진단보험금,"피보험자가 보험기간 중 암보장개시일이후에 「유방암」 또는 「전립선암」으로 진단 확정되었을 경우 (다만, 「유방암」 또는 「전립선암」 중 최초 1회의 진단 확정에 한함)",[가입 후 1년 이후] 1500만원 [가입 후 1년 미만] 750만원
540,95,소액암 및 유사암 진단보험금,"피보험자가 보험기간 중 보장개시일이후에 「기타피부암」, 「중증 이외 갑상선암」, 「대장점막내암」, 「경계성종양」 또는 「제자리암」으로 진단 확정되었을 경우 (다만, 각각 최초 1회의 진단 확정에 한함)",[가입 후 1년 이후] 300만원 [가입 후 1년 미만] 150만원
541,95,(무)All페이백일반암진단특약(해약환급금 미지급형)(표준체),"피보험자가 이 특약의 보험기간 중 ‘암보장개시일’ 이후에 「일반암」으로 진단 확정되었을 경우 (다만, 최초 1회의 진단 확정에 한함)",[최초계약 가입 후 1년 이후] : 이 계약의 납입보험료 총액 [최초계약 가입 후 1년 미만] : 이 계약의 납입보험료 총액의 50%
542,96,일반암 진단보험금,"피보험자가 보험기간 중 암보장개시일이후에 「일반암」으로 진단 확정되었을 경우 (다만, 최초 1회의 진단 확정에 한함)",[가입 후 1년 이후] 3000만원 [가입 후 1년 미만] 1500만원
543,96,고액암 진단보험금,"피보험자가 보험기간 중 암보장개시일이후에 「고액암」으로 진단 확정되었을 경우 (다만, 최초 1회의 진단 확정에 한함)",[가입 후 1년 이후] 6000만원 [가입 후 1년 미만] 3000만원
544,96,유방암 및 전립선암 진단보험금,"피보험자가 보험기간 중 암보장개시일이후에 「유방암」 또는 「전립선암」으로 진단 확정되었을 경우 (다만, 「유방암」 또는 「전립선암」 중 최초 1회의 진단 확정에 한함)",[가입 후 1년 이후] 1500만원 [가입 후 1년 미만] 750만원
545,96,소액암 및 유사암 진단보험금,"피보험자가 보험기간 중 보장개시일이후에 「기타피부암」, 「중증 이외 갑상선암」, 「대장점막내암」, 「경계성종양」 또는 「제자리암」으로 진단 확정되었을 경우 (다만, 각각 최초 1회의 진단 확정에 한함)",[가입 후 1년 이후] 300만원 [가입 후 1년 미만] 150만원
546,96,만기환급금,피보험자가 보험기간이 끝날 때까지 살아있을 경우,이미 납입한 보험료 × 100%
547,97,일반암 진단보험금,"피보험자가 보험기간 중 암보장개시일이후에 「일반암」으로 진단 확정되었을 경우 (다만, 최초 1회의 진단 확정에 한함)",[가입 후 1년 이후] 3000만원 [가입 후 1년 미만] 1500만원
548,97,고액암 진단보험금,"피보험자가 보험기간 중 암보장개시일이후에 「고액암」으로 진단 확정되었을 경우 (다만, 최초 1회의 진단 확정에 한함)",[가입 후 1년 이후] 6000만원 [가입 후 1년 미만] 3000만원
549,97,유방암 및 전립선암 진단보험금,"피보험자가 보험기간 중 암보장개시일이후에 「유방암」 또는 「전립선암」으로 진단 확정되었을 경우 (다만, 「유방암」 또는 「전립선암」 중 최초 1회의 진단 확정에 한함)",[가입 후 1년 이후] 1500만원 [가입 후 1년 미만] 750만원
550,97,소액암 및 유사암 진단보험금,"피보험자가 보험기간 중 보장개시일이후에 「기타피부암」, 「중증 이외 갑상선암」, 「대장점막내암」, 「경계성종양」 또는 「제자리암」으로 진단 확정되었을 경우 (다만, 각각 최초 1회의 진단 확정에 한함)",[가입 후 1년 이후] 300만원 [가입 후 1년 미만] 150만원
551,97,만기환급금,피보험자가 보험기간이 끝날 때까지 살아있을 경우,이미 납입한 보험료 × 100%
